Kriterium;#;Jan 04;Feb 04;Mär 04;Apr 04;Mai 04;Jun 04;Jul 04;Aug 04;Sep 04;Okt 04;Nov 04;Dez 04;Jan 05;Feb 05;Mär 05;Apr 05;Mai 05;Jun 05;Jul 05;Aug 05;Sep 05;Okt 05;Nov 05;Dez 05;Jan 06;Feb 06;Mär 06;Apr 06;Mai 06;Jun 06;Jul 06;Aug 06;Sep 06;Okt 06;Nov 06;Dez 06;Jan 07;Feb 07;Mär 07;Apr 07;Mai 07;Jun 07;Jul 07;Aug 07;Sep 07;Okt 07;Nov 07;Dez 07;Jan 08;Feb 08;Mär 08;Apr 08;Mai 08;Jun 08;Jul 08;Aug 08;Sep 08;Okt 08;Nov 08;Dez 08;Jan 09;Feb 09;Mär 09;Apr 09;Mai 09;Jun 09;Jul 09;Aug 09;Sep 09;Okt 09;Nov 09;Dez 09;Jan 10;Feb 10;Mär 10;Apr 10;Mai 10;Jun 10;Jul 10;Aug 10;Sep 10;Okt 10;Nov 10;Dez 10;Jan 11;Feb 11;Mär 11;Apr 11;Mai 11;Jun 11;Jul 11;Aug 11;Sep 11;Okt 11;Nov 11;Dez 11;Jan 12;Feb 12;Mär 12;Apr 12;Mai 12;Jun 12;Jul 12;Aug 12;Sep 12;Okt 12;Nov 12;Dez 12;Jan 13;Feb 13;Mär 13;Apr 13;Mai 13;Jun 13;Jul 13;Aug 13;Sep 13;Okt 13;Nov 13;Dez 13;Jan 14;Feb 14;Mär 14;Apr 14;Mai 14;Jun 14;Jul 14;Aug 14;Sep 14;Okt 14;Nov 14;Dez 14;Jan 15;Feb 15;Mär 15;Apr 15;Mai 15;Jun 15;Jul 15;Aug 15;Sep 15;Okt 15;Nov 15;Dez 15;Jan 16;Feb 16;Mär 16;Apr 16;Mai 16;Jun 16;Jul 16;Aug 16;Sep 16;Okt 16;Nov 16;Dez 16;Jan 17;Feb 17;Mär 17;Apr 17;Mai 17;Jun 17;Jul 17;Aug 17;Sep 17;Okt 17;Nov 17;Dez 17;Jan 18;Feb 18;Mär 18;Apr 18;Mai 18;Jun 18;Jul 18;Aug 18;Sep 18;Okt 18;Nov 18;Dez 18;Jan 19;Feb 19;Mär 19;Apr 19;Mai 19;Jun 19;Jul 19;Aug 19;Sep 19;Okt 19;Nov 19;Dez 19;Jan 20;Feb 20;Mär 20;Apr 20;Mai 20;Jun 20;Jul 20;Aug 20;Sep 20;Okt 20;Nov 20;Dez 20;Jan 21;Feb 21;Mär 21;Apr 21;Mai 21;Jun 21;Jul 21;Aug 21;Sep 21;Okt 21;Nov 21;Dez 21;Jan 22;Feb 22;Mär 22;Apr 22;Mai 22;Jun 22;Jul 22;Aug 22;Sep 22;Okt 22;Nov 22;Dez 22;Jan 23;Feb 23;Mär 23;Apr 23;Mai 23;Jun 23;Jul 23;Aug 23;Sep 23;Okt 23;Nov 23;Dez 23;Jan 24;Feb 24;Mär 24;Apr 24;Mai 24;Jun 24;Jul 24;Aug 24;Sep 24;Okt 24;Nov 24;Dez 24
;;;;;;;;;;;;;;;;;;;;;;;;;;;;;;;;;;;;;;;;;;;;;;;;;;;;;;;;;;;;;;;;;;;;;;;;;;;;;;;;;;;;;;;;;;;;;;;;;;;;;;;;;;;;;;;;;;;;;;;;;;;;;;;;;;;;;;;;;;;;;;;;;;;;;;;;;;;;;;;;;;;;;;;;;;;;;;;;;;;;;;;;;;;;;;;;;;;;;;;;;;;;;;;;;;;;;;;;;;;;;;;;;;;;;;;;;;;;;;;;;;;;;;;;;;;;;
Stellensuchende Total;1; 7'667 ; 7'675 ; 7'517 ; 7'369 ; 7'140 ; 7'010 ; 7'029 ; 7'213 ; 7'113 ; 6'911 ; 7'101 ; 7'283 ; 7'317 ; 7'398 ; 7'235 ; 7'063 ; 7'042 ; 6'957 ; 6'951 ; 6'998 ; 6'949 ; 6'954 ; 7'012 ; 7'040 ; 7'075 ; 6'953 ; 6'882 ; 6'657 ; 6'396 ; 6'243 ; 6'191 ; 6'138 ; 6'041 ; 5'901 ; 5'844 ; 5'937 ; 5'940 ; 5'906 ; 5'751 ; 5'565 ; 5'450 ; 5'320 ; 5'325 ; 5'309 ; 5'138 ; 5'058 ; 5'131 ; 5'263 ; 5'331 ; 5'118 ; 5'026 ; 4'989 ; 4'728 ; 4'554 ; 4'566 ; 4'543 ; 4'617 ; 4'680 ; 4'904 ; 5'355 ; 5'762 ; 6'025 ; 6'352 ; 6'548 ; 6'681 ; 7'115 ; 7'338 ; 7'466 ; 7'587 ; 7'671 ; 7'848 ; 8'203 ; 8'186 ; 8'115 ; 8'054 ; 7'711 ; 7'457 ; 7'222 ; 7'133 ; 7'051 ; 6'808 ; 6'708 ; 6'595 ; 6'693 ; 6'587 ; 6'349 ; 6'136 ; 5'611 ; 5'251 ; 5'162 ; 4'967 ; 5'081 ; 5'066 ; 5'110 ; 5'393 ; 5'638 ; 5'708 ; 5'715 ; 5'516 ; 5'445 ; 5'344 ; 5'299 ; 5'352 ; 5'473 ; 5'478 ; 5'656 ; 5'998 ; 6'310 ; 6'520 ; 6'484 ; 6'295 ; 6'152 ; 5'979 ; 5'869 ; 5'903 ; 5'826 ; 5'735 ; 5'897 ; 6'064 ; 6'195 ; 6'154 ; 6'060 ; 5'923 ; 5'772 ; 5'602 ; 5'539 ; 5'511 ; 5'340 ; 5'290 ; 5'282 ; 5'437 ; 5'723 ; 5'726 ; 5'772 ; 5'878 ; 5'897 ; 5'784 ; 5'875 ; 6'049 ; 6'080 ; 6'141 ; 6'285 ; 6'675 ; 6'971 ; 6'954 ; 7'002 ; 6'915 ; 6'798 ; 6'727 ; 6'672 ; 6'614 ; 6'744 ; 6'812 ; 6'883 ; 7'099 ; 7'272 ; 7'309 ;7'260;7'177;6'920;6'806;6'670;6'746;6'657;6'628;6560;6741;6847;6845;6759;6664;6424;6154;5864;5880;5829;5778;5825;6012;6130;6107;5984;5886;5715;5580;5475;5500;5390;5461;5611;5843;6059;6093;5944;6532;7049;7251;7485;7787;7823;7840;7947;8262;8559;8574;8526;8444;8270;8119;7898;7682;7447;7270;7133;7293;7338;7208;7119;6898;6536;6261;6015;5843;5657;5422;5393;5447;5466;5442;5447;5315;5110;5001;4920;5008;4998;4936;5090;5408;5531;5691;5740;5727;5764;5795;5861;6035;6009;6173;6405;6738;7045
Arbeitslose Total;2; 5'327 ; 5'242 ; 5'037 ; 4'785 ; 4'560 ; 4'413 ; 4'462 ; 4'648 ; 4'506 ; 4'333 ; 4'511 ; 4'803 ; 4'848 ; 4'877 ; 4'741 ; 4'473 ; 4'369 ; 4'228 ; 4'253 ; 4'360 ; 4'372 ; 4'312 ; 4'362 ; 4'457 ; 4'597 ; 4'487 ; 4'306 ; 4'096 ; 3'837 ; 3'660 ; 3'676 ; 3'641 ; 3'606 ; 3'501 ; 3'444 ; 3'634 ; 3'711 ; 3'602 ; 3'441 ; 3'233 ; 3'182 ; 3'050 ; 3'116 ; 3'191 ; 3'039 ; 2'978 ; 3'104 ; 3'253 ; 3'309 ; 3'120 ; 3'019 ; 3'063 ; 2'779 ; 2'630 ; 2'763 ; 2'804 ; 2'824 ; 2'888 ; 3'176 ; 3'651 ; 4'040 ; 4'313 ; 4'534 ; 4'654 ; 4'767 ; 5'176 ; 5'403 ; 5'488 ; 5'550 ; 5'659 ; 5'783 ; 6'123 ; 6'111 ; 6'002 ; 5'755 ; 5'399 ; 5'103 ; 4'856 ; 4'752 ; 4'671 ; 4'288 ; 4'298 ; 4'178 ; 4'374 ; 4'377 ; 4'146 ; 3'860 ; 3'495 ; 3'109 ; 3'070 ; 3'043 ; 3'222 ; 3'104 ; 3'081 ; 3'266 ; 3'568 ; 3'631 ; 3'646 ; 3'422 ; 3'306 ; 3'231 ; 3'177 ; 3'264 ; 3'446 ; 3'428 ; 3'501 ; 3'817 ; 4'203 ; 4'444 ; 4'397 ; 4'132 ; 3'934 ; 3'810 ; 3'651 ; 3'673 ; 3'683 ; 3'542 ; 3'593 ; 3'756 ; 3'998 ; 4'025 ; 3'985 ; 3'819 ; 3'635 ; 3'475 ; 3'375 ; 3'386 ; 3'359 ; 3'292 ; 3'258 ; 3'351 ; 3'728 ; 3'778 ; 3'788 ; 3'719 ; 3'685 ; 3'562 ; 3'589 ; 3'753 ; 3'891 ; 3'805 ; 3'853 ; 4'107 ; 4'601 ; 4'632 ; 4'554 ; 4'450 ; 4'281 ; 4'189 ; 4'013 ; 3'963 ; 4'182 ; 4'220 ; 4'232 ; 4'380 ; 4'679 ; 4'744 ;4'602;4'420;4'281;4'074;3'860;3'900;3'953;3'801;3782;3869;4193;4160;4052;4095;3633;3265;3088;2991;3048;2996;2865;2885;3113;3218;3133;2977;2744;2610;2531;2540;2629;2683;2761;2900;3199;3405;3408;3858;4304;4446;4366;4393;4675;4581;4558;4560;4951;5246;5243;4877;4672;4432;4215;4085;4077;3875;3741;3780;4023;4081;4008;3762;3574;3267;3068;3069;3087;2878;2787;2814;3074;3149;3107;2984;2870;2792;2642;2731;2855;2817;2815;2963;3295;3460;3368;3306;3259;3282;3315;3486;3623;3711;3822;3984;4343
Stellensuchende Männer;3; 4'400 ; 4'398 ; 4'269 ; 4'138 ; 4'002 ; 3'889 ; 3'812 ; 3'876 ; 3'839 ; 3'751 ; 3'914 ; 4'041 ; 4'041 ; 4'074 ; 3'999 ; 3'886 ; 3'833 ; 3'752 ; 3'727 ; 3'707 ; 3'656 ; 3'697 ; 3'764 ; 3'802 ; 3'880 ; 3'777 ; 3'726 ; 3'552 ; 3'376 ; 3'279 ; 3'217 ; 3'156 ; 3'118 ; 3'059 ; 3'042 ; 3'141 ; 3'163 ; 3'134 ; 3'009 ; 2'926 ; 2'841 ; 2'729 ; 2'711 ; 2'661 ; 2'572 ; 2'521 ; 2'612 ; 2'699 ; 2'751 ; 2'658 ; 2'542 ; 2'541 ; 2'393 ; 2'298 ; 2'255 ; 2'287 ; 2'309 ; 2'390 ; 2'605 ; 2'938 ; 3'219 ; 3'417 ; 3'646 ; 3'804 ; 3'893 ; 4'118 ; 4'210 ; 4'254 ; 4'342 ; 4'407 ; 4'537 ; 4'775 ; 4'827 ; 4'759 ; 4'662 ; 4'457 ; 4'284 ; 4'114 ; 4'007 ; 3'933 ; 3'768 ; 3'668 ; 3'635 ; 3'750 ; 3'705 ; 3'537 ; 3'388 ; 3'074 ; 2'802 ; 2'749 ; 2'599 ; 2'723 ; 2'731 ; 2'730 ; 2'900 ; 3'110 ; 3'197 ; 3'202 ; 3'103 ; 3'032 ; 2'944 ; 2'877 ; 2'862 ; 2'928 ; 2'907 ; 2'974 ; 3'194 ; 3'458 ; 3'578 ; 3'564 ; 3'465 ; 3'348 ; 3'257 ; 3'149 ; 3'191 ; 3'104 ; 3'067 ; 3'184 ; 3'323 ; 3'502 ; 3'458 ; 3'389 ; 3'300 ; 3'186 ; 3'084 ; 3'005 ; 2'965 ; 2'866 ; 2'843 ; 2'852 ; 3'000 ; 3'245 ; 3'268 ; 3'260 ; 3'270 ; 3'265 ; 3'184 ; 3'190 ; 3'228 ; 3'247 ; 3'260 ; 3'336 ; 3'641 ; 3'879 ; 3'897 ; 3'947 ; 3'894 ; 3'805 ; 3'721 ; 3'686 ; 3'602 ; 3'675 ; 3'715 ; 3'753 ; 3'947 ; 4'126 ; 4'140 ;4'104;4'011;3'835;3'734;3'635;3'652;3'560;3'559;3559;3718;3819;3748;3649;3604;3451;3273;3118;3106;3046;2980;3021;3219;3338;3348;3302;3221;3089;2972;2915;2915;2853;2887;3000;3187;3363;3408;3313;3648;3927;4032;4099;4265;4246;4266;4340;4570;4783;4761;4727;4637;4498;4366;4220;4029;3941;3855;3788;3885;4001;3922;3874;3754;3528;3324;3187;3090;2953;2806;2824;2900;2966;2945;2936;2853;2743;2698;2620;2671;2670;2626;2771;2982;3086;3200;3223;3192;3210;3252;3313;3368;3351;3429;3596;3797;4032
Stellensuchende Frauen;4; 3'267 ; 3'277 ; 3'248 ; 3'231 ; 3'138 ; 3'121 ; 3'217 ; 3'337 ; 3'274 ; 3'160 ; 3'187 ; 3'242 ; 3'276 ; 3'324 ; 3'236 ; 3'177 ; 3'209 ; 3'205 ; 3'224 ; 3'291 ; 3'293 ; 3'257 ; 3'248 ; 3'238 ; 3'195 ; 3'176 ; 3'156 ; 3'105 ; 3'020 ; 2'964 ; 2'974 ; 2'982 ; 2'923 ; 2'842 ; 2'802 ; 2'796 ; 2'777 ; 2'772 ; 2'742 ; 2'639 ; 2'609 ; 2'591 ; 2'614 ; 2'648 ; 2'566 ; 2'537 ; 2'519 ; 2'564 ; 2'580 ; 2'460 ; 2'484 ; 2'448 ; 2'335 ; 2'256 ; 2'311 ; 2'256 ; 2'308 ; 2'290 ; 2'299 ; 2'417 ; 2'543 ; 2'608 ; 2'706 ; 2'744 ; 2'788 ; 2'997 ; 3'128 ; 3'212 ; 3'245 ; 3'264 ; 3'311 ; 3'428 ; 3'359 ; 3'356 ; 3'392 ; 3'254 ; 3'173 ; 3'108 ; 3'126 ; 3'118 ; 3'040 ; 3'040 ; 2'960 ; 2'943 ; 2'882 ; 2'812 ; 2'748 ; 2'537 ; 2'449 ; 2'413 ; 2'368 ; 2'358 ; 2'335 ; 2'380 ; 2'493 ; 2'528 ; 2'511 ; 2'513 ; 2'413 ; 2'413 ; 2'400 ; 2'422 ; 2'490 ; 2'545 ; 2'571 ; 2'682 ; 2'804 ; 2'852 ; 2'942 ; 2'920 ; 2'830 ; 2'804 ; 2'722 ; 2'720 ; 2'712 ; 2'722 ; 2'668 ; 2'713 ; 2'741 ; 2'693 ; 2'696 ; 2'671 ; 2'623 ; 2'586 ; 2'518 ; 2'534 ; 2'546 ; 2'474 ; 2'447 ; 2'430 ; 2'437 ; 2'478 ; 2'458 ; 2'512 ; 2'608 ; 2'632 ; 2'600 ; 2'685 ; 2'821 ; 2'833 ; 2'881 ; 2'949 ; 3'034 ; 3'092 ; 3'057 ; 3'055 ; 3'021 ; 2'993 ; 3'006 ; 2'986 ; 3'012 ; 3'069 ; 3'097 ; 3'130 ; 3'152 ; 3'146 ; 3'169 ;3'156;3'166;3'085;3'072;3'035;3'094;3'097;3'069;3001;3023;3028;3097;3110;3060;2973;2881;2746;2774;2783;2798;2804;2793;2792;2759;2682;2665;2626;2608;2560;2585;2537;2574;2611;2656;2696;2685;2631;2884;3122;3219;3386;3522;3577;3574;3607;3692;3776;3813;3799;3807;3772;3753;3678;3590;3506;3415;3345;3408;3337;3286;3245;3144;3008;2937;2828;2753;2704;2616;2569;2547;2500;2497;2511;2462;2367;2303;2300;2337;2328;2310;2319;2426;2445;2491;2517;2535;2554;2543;2548;2667;2658;2744;2809;2941;3013
Stellensuchende CH;5; 4'400 ; 4'401 ; 4'293 ; 4'234 ; 4'103 ; 4'049 ; 4'128 ; 4'246 ; 4'172 ; 4'029 ; 4'144 ; 4'265 ; 4'311 ; 4'361 ; 4'262 ; 4'165 ; 4'179 ; 4'139 ; 4'171 ; 4'217 ; 4'212 ; 4'201 ; 4'201 ; 4'212 ; 4'225 ; 4'158 ; 4'105 ; 4'005 ; 3'854 ; 3'759 ; 3'753 ; 3'652 ; 3'582 ; 3'484 ; 3'393 ; 3'438 ; 3'435 ; 3'404 ; 3'301 ; 3'184 ; 3'094 ; 3'033 ; 3'004 ; 2'987 ; 2'868 ; 2'822 ; 2'862 ; 2'947 ; 2'942 ; 2'831 ; 2'776 ; 2'757 ; 2'616 ; 2'502 ; 2'516 ; 2'444 ; 2'475 ; 2'476 ; 2'580 ; 2'837 ; 3'083 ; 3'222 ; 3'432 ; 3'606 ; 3'701 ; 3'962 ; 4'122 ; 4'210 ; 4'263 ; 4'294 ; 4'386 ; 4'574 ; 4'536 ; 4'472 ; 4'473 ; 4'306 ; 4'201 ; 4'053 ; 4'021 ; 3'980 ; 3'846 ; 3'753 ; 3'693 ; 3'747 ; 3'695 ; 3'576 ; 3'455 ; 3'198 ; 2'983 ; 2'933 ; 2'870 ; 2'964 ; 2'981 ; 3'017 ; 3'123 ; 3'238 ; 3'283 ; 3'275 ; 3'145 ; 3'113 ; 3'076 ; 3'056 ; 3'144 ; 3'218 ; 3'189 ; 3'275 ; 3'444 ; 3'582 ; 3'709 ; 3'707 ; 3'606 ; 3'524 ; 3'422 ; 3'339 ; 3'390 ; 3'326 ; 3'268 ; 3'338 ; 3'388 ; 3'450 ; 3'426 ; 3'342 ; 3'271 ; 3'216 ; 3'124 ; 3'137 ; 3'177 ; 3'060 ; 3'003 ; 2'980 ; 3'028 ; 3'198 ; 3'174 ; 3'144 ; 3'229 ; 3'297 ; 3'257 ; 3'337 ; 3'439 ; 3'440 ; 3'412 ; 3'484 ; 3'634 ; 3'814 ; 3'798 ; 3'804 ; 3'794 ; 3'781 ; 3'768 ; 3'778 ; 3'748 ; 3'815 ; 3'824 ; 3'802 ; 3'854 ; 3'923 ; 3'950 ;3'900;3'897;3'765;3'687;3'646;3'760;3'711;3'701;3636;3673;3673;3674;3639;3557;3457;3327;3232;3252;3197;3139;3133;3190;3222;3188;3104;3007;2931;2859;2844;2916;2843;2839;2860;2974;3077;3079;3001;3383;3734;3890;4028;4205;4128;4081;4124;4244;4363;4330;4316;4257;4157;4069;3962;3821;3674;3558;3502;3583;3563;3486;3417;3320;3154;3005;2916;2883;2785;2661;2656;2641;2610;2571;2549;2515;2422;2350;2326;2429;2386;2329;2365;2495;2530;2566;2629;2584;2602;2630;2660;2764;2749;2821;2933;3039;3141
Stellensuchende Ausländer;6; 3'267 ; 3'274 ; 3'224 ; 3'135 ; 3'037 ; 2'961 ; 2'901 ; 2'967 ; 2'941 ; 2'882 ; 2'957 ; 3'018 ; 3'006 ; 3'037 ; 2'973 ; 2'898 ; 2'863 ; 2'818 ; 2'780 ; 2'781 ; 2'737 ; 2'753 ; 2'811 ; 2'828 ; 2'850 ; 2'795 ; 2'777 ; 2'652 ; 2'542 ; 2'484 ; 2'438 ; 2'486 ; 2'459 ; 2'417 ; 2'451 ; 2'499 ; 2'505 ; 2'502 ; 2'450 ; 2'381 ; 2'356 ; 2'287 ; 2'321 ; 2'322 ; 2'270 ; 2'236 ; 2'269 ; 2'316 ; 2'389 ; 2'287 ; 2'250 ; 2'232 ; 2'112 ; 2'052 ; 2'050 ; 2'099 ; 2'142 ; 2'204 ; 2'324 ; 2'518 ; 2'679 ; 2'803 ; 2'920 ; 2'942 ; 2'980 ; 3'153 ; 3'216 ; 3'256 ; 3'324 ; 3'377 ; 3'462 ; 3'629 ; 3'650 ; 3'643 ; 3'581 ; 3'405 ; 3'256 ; 3'169 ; 3'112 ; 3'071 ; 2'962 ; 2'955 ; 2'902 ; 2'946 ; 2'892 ; 2'773 ; 2'681 ; 2'413 ; 2'268 ; 2'229 ; 2'097 ; 2'117 ; 2'085 ; 2'093 ; 2'261 ; 2'400 ; 2'425 ; 2'440 ; 2'371 ; 2'332 ; 2'268 ; 2'243 ; 2'208 ; 2'255 ; 2'289 ; 2'381 ; 2'554 ; 2'728 ; 2'811 ; 2'777 ; 2'689 ; 2'628 ; 2'557 ; 2'530 ; 2'513 ; 2'500 ; 2'467 ; 2'559 ; 2'676 ; 2'745 ; 2'728 ; 2'718 ; 2'652 ; 2'556 ; 2'478 ; 2'402 ; 2'334 ; 2'280 ; 2'287 ; 2'302 ; 2'409 ; 2'525 ; 2'552 ; 2'628 ; 2'649 ; 2'600 ; 2'527 ; 2'538 ; 2'610 ; 2'640 ; 2'729 ; 2'801 ; 3'041 ; 3'157 ; 3'156 ; 3'198 ; 3'121 ; 3'017 ; 2'959 ; 2'894 ; 2'866 ; 2'929 ; 2'988 ; 3'081 ; 3'245 ; 3'349 ; 3'359 ;3'360;3'280;3'155;3'119;3'024;2'986;2'946;2'927;2924;3068;3174;3171;3120;3107;2967;2827;2632;2628;2632;2639;2692;2822;2908;2919;2880;2879;2784;2721;2631;2584;2547;2622;2751;2869;2982;3014;2943;3149;3315;3361;3457;3582;3695;3759;3823;4018;4196;4244;4210;4187;4113;4050;3936;3861;3773;3712;3631;3710;3775;3722;3702;3578;3382;3256;3099;2960;2872;2761;2737;2806;2856;2871;2898;2800;2688;2651;2594;2579;2612;2607;2725;2913;3001;3125;3111;3143;3162;3165;3201;3271;3260;3352;3472;3699;3904
Stellensuchende nach Alter;;;;;;;;;;;;;;;;;;;;;;;;;;;;;;;;;;;;;;;;;;;;;;;;;;;;;;;;;;;;;;;;;;;;;;;;;;;;;;;;;;;;;;;;;;;;;;;;;;;;;;;;;;;;;;;;;;;;;;;;;;;;;;;;;;;;;;;;;;;;;;;;;;;;;;;;;;;;;;;;;;;;;;;;;;;;;;;;;;;;;;;;;;;;;;;;;;;;;;;;;;;;;;;;;;;;;;;;;;;;;;;;;;;;;;;;;;;;;;;;;;;;;;;;;;;;;
unter 20;7; 585 ; 564 ; 534 ; 506 ; 461 ; 475 ; 547 ; 725 ; 689 ; 629 ; 609 ; 583 ; 568 ; 576 ; 534 ; 496 ; 483 ; 468 ; 553 ; 685 ; 616 ; 584 ; 562 ; 551 ; 539 ; 511 ; 506 ; 496 ; 458 ; 427 ; 537 ; 590 ; 564 ; 534 ; 523 ; 508 ; 501 ; 501 ; 471 ; 427 ; 411 ; 389 ; 466 ; 504 ; 462 ; 439 ; 430 ; 432 ; 447 ; 437 ; 411 ; 415 ; 364 ; 340 ; 460 ; 509 ; 430 ; 411 ; 415 ; 416 ; 439 ; 459 ; 461 ; 430 ; 397 ; 436 ; 559 ; 604 ; 546 ; 502 ; 500 ; 495 ; 488 ; 482 ; 446 ; 404 ; 370 ; 362 ; 476 ; 462 ; 416 ; 420 ; 383 ; 370 ; 353 ; 329 ; 316 ; 292 ; 253 ; 253 ; 278 ; 335 ; 297 ; 283 ; 283 ; 287 ; 287 ; 301 ; 264 ; 260 ; 244 ; 252 ; 305 ; 362 ; 324 ; 303 ; 309 ; 311 ; 318 ; 298 ; 275 ; 264 ; 259 ; 268 ; 338 ; 370 ; 343 ; 346 ; 330 ; 311 ; 299 ; 291 ; 249 ; 229 ; 212 ; 213 ; 222 ; 255 ; 286 ; 265 ; 262 ; 253 ; 245 ; 254 ; 257 ; 254 ; 238 ; 239 ; 332 ; 369 ; 361 ; 337 ; 335 ; 341 ; 315 ; 294 ; 262 ; 242 ; 228 ; 232 ; 280 ; 332 ; 326 ; 314 ; 306 ; 297 ; 296 ;291;274;246;232;239;333;339;317;289;268;254;269;279;256;228;204;209;249;302;275;264;275;278;272;254;236;208;186;193;247;272;271;270;259;250;249;223;219;223;238;254;338;324;307;309;304;290;282;267;265;242;241;226;275;236;216;208;203;197;208;201;187;162;150;134;143;178;159;158;151;152;156;164;155;152;143;138;176;173;165;179;187;188;192;187;176;164;148;158;202;208;205;225;210;210
20 - 24 jährig;8; 1'209 ; 1'215 ; 1'165 ; 1'106 ; 1'035 ; 1'010 ; 1'045 ; 1'089 ; 1'114 ; 1'079 ; 1'083 ; 1'108 ; 1'122 ; 1'127 ; 1'086 ; 1'047 ; 1'033 ; 1'006 ; 1'011 ; 1'038 ; 1'038 ; 1'078 ; 1'078 ; 1'095 ; 1'124 ; 1'080 ; 1'067 ; 1'016 ; 931 ; 867 ; 842 ; 854 ; 831 ; 822 ; 783 ; 783 ; 838 ; 831 ; 816 ; 792 ; 765 ; 728 ; 728 ; 722 ; 681 ; 653 ; 646 ; 645 ; 680 ; 640 ; 618 ; 593 ; 564 ; 553 ; 540 ; 551 ; 578 ; 600 ; 632 ; 730 ; 818 ; 861 ; 900 ; 913 ; 921 ; 983 ; 1'050 ; 1'116 ; 1'136 ; 1'131 ; 1'133 ; 1'165 ; 1'173 ; 1'124 ; 1'104 ; 1'039 ; 967 ; 892 ; 903 ; 943 ; 874 ; 843 ; 818 ; 817 ; 838 ; 814 ; 750 ; 626 ; 554 ; 549 ; 560 ; 600 ; 593 ; 609 ; 626 ; 675 ; 706 ; 730 ; 676 ; 655 ; 619 ; 595 ; 612 ; 678 ; 671 ; 690 ; 697 ; 760 ; 828 ; 809 ; 768 ; 726 ; 685 ; 650 ; 657 ; 678 ; 686 ; 684 ; 697 ; 707 ; 723 ; 690 ; 669 ; 632 ; 610 ; 615 ; 627 ; 609 ; 583 ; 552 ; 569 ; 623 ; 634 ; 649 ; 650 ; 645 ; 618 ; 646 ; 722 ; 711 ; 700 ; 701 ; 731 ; 760 ; 756 ; 757 ; 704 ; 668 ; 644 ; 617 ; 640 ; 712 ; 712 ; 689 ; 677 ; 718 ; 709 ;692;659;619;583;544;579;572;565;551;572;590;612;618;585;563;517;478;512;539;504;499;518;515;510;509;500;460;442;436;467;453;454;475;496;510;493;460;560;677;688;712;763;769;713;691;712;740;739;710;685;638;609;585;598;578;533;510;502;517;505;500;462;440;400;374;385;348;330;334;333;333;330;353;373;343;346;358;363;355;344;361;375;402;415;426;421;431;437;438;466;487;492;500;535;555
25 - 29 jährig;9; 1'026 ; 1'039 ; 1'010 ; 959 ; 911 ; 864 ; 839 ; 834 ; 805 ; 777 ; 824 ; 843 ; 860 ; 863 ; 815 ; 783 ; 790 ; 762 ; 773 ; 750 ; 749 ; 767 ; 793 ; 788 ; 807 ; 786 ; 776 ; 740 ; 729 ; 703 ; 687 ; 663 ; 675 ; 654 ; 661 ; 690 ; 698 ; 699 ; 676 ; 647 ; 643 ; 616 ; 596 ; 583 ; 585 ; 572 ; 581 ; 619 ; 647 ; 610 ; 615 ; 619 ; 578 ; 551 ; 534 ; 529 ; 552 ; 559 ; 615 ; 686 ; 746 ; 773 ; 808 ; 856 ; 882 ; 951 ; 944 ; 926 ; 958 ; 1'018 ; 1'046 ; 1'112 ; 1'095 ; 1'078 ; 1'058 ; 985 ; 941 ; 911 ; 874 ; 865 ; 860 ; 840 ; 837 ; 881 ; 872 ; 814 ; 767 ; 684 ; 665 ; 642 ; 610 ; 607 ; 625 ; 619 ; 693 ; 727 ; 742 ; 735 ; 709 ; 705 ; 707 ; 708 ; 710 ; 688 ; 701 ; 738 ; 786 ; 835 ; 868 ; 874 ; 843 ; 826 ; 781 ; 772 ; 787 ; 780 ; 755 ; 783 ; 797 ; 843 ; 859 ; 816 ; 807 ; 787 ; 762 ; 757 ; 743 ; 724 ; 693 ; 709 ; 711 ; 763 ; 776 ; 766 ; 796 ; 756 ; 747 ; 766 ; 770 ; 774 ; 773 ; 813 ; 846 ; 917 ; 940 ; 939 ; 949 ; 929 ; 922 ; 924 ; 882 ; 865 ; 892 ; 919 ; 941 ; 949 ; 960 ;960;941;900;873;838;808;805;815;827;855;880;880;888;867;822;769;724;709;684;684;678;733;774;809;789;760;726;720;704;703;673;679;695;729;761;742;716;829;946;981;994;1018;1001;1010;1019;1059;1097;1096;1090;1037;996;981;924;881;841;814;773;809;820;818;821;799;755;709;678;666;632;621;617;615;618;613;603;574;545;519;532;569;575;568;593;631;658;689;696;663;648;653;688;715;719;735;754;788;840
30 - 39 jährig;10; 1'764 ; 1'753 ; 1'751 ; 1'751 ; 1'685 ; 1'642 ; 1'636 ; 1'606 ; 1'593 ; 1'546 ; 1'573 ; 1'635 ; 1'646 ; 1'668 ; 1'653 ; 1'629 ; 1'617 ; 1'610 ; 1'546 ; 1'495 ; 1'483 ; 1'457 ; 1'456 ; 1'466 ; 1'476 ; 1'443 ; 1'416 ; 1'363 ; 1'314 ; 1'299 ; 1'229 ; 1'208 ; 1'185 ; 1'156 ; 1'148 ; 1'165 ; 1'160 ; 1'141 ; 1'125 ; 1'120 ; 1'086 ; 1'066 ; 1'041 ; 1'045 ; 1'000 ; 1'010 ; 1'044 ; 1'071 ; 1'083 ; 1'011 ; 982 ; 992 ; 949 ; 923 ; 902 ; 899 ; 956 ; 945 ; 974 ; 1'092 ; 1'187 ; 1'244 ; 1'322 ; 1'382 ; 1'396 ; 1'482 ; 1'496 ; 1'514 ; 1'566 ; 1'573 ; 1'589 ; 1'664 ; 1'667 ; 1'671 ; 1'642 ; 1'584 ; 1'551 ; 1'493 ; 1'418 ; 1'370 ; 1'317 ; 1'335 ; 1'326 ; 1'354 ; 1'310 ; 1'268 ; 1'231 ; 1'136 ; 1'067 ; 1'059 ; 977 ; 950 ; 971 ; 1'000 ; 1'091 ; 1'168 ; 1'192 ; 1'192 ; 1'168 ; 1'146 ; 1'120 ; 1'120 ; 1'103 ; 1'122 ; 1'114 ; 1'168 ; 1'269 ; 1'332 ; 1'388 ; 1'398 ; 1'342 ; 1'343 ; 1'315 ; 1'281 ; 1'250 ; 1'186 ; 1'187 ; 1'256 ; 1'328 ; 1'370 ; 1'351 ; 1'352 ; 1'314 ; 1'295 ; 1'259 ; 1'245 ; 1'235 ; 1'172 ; 1'166 ; 1'178 ; 1'226 ; 1'285 ; 1'287 ; 1'275 ; 1'305 ; 1'325 ; 1'305 ; 1'326 ; 1'318 ; 1'323 ; 1'319 ; 1'376 ; 1'509 ; 1'581 ; 1'591 ; 1'614 ; 1'609 ; 1'606 ; 1'581 ; 1'544 ; 1'503 ; 1'528 ; 1'555 ; 1'607 ; 1'698 ; 1'750 ; 1'791 ;1'781;1'745;1'663;1'648;1'611;1'605;1'557;1'570;1559;1583;1606;1562;1543;1506;1446;1397;1375;1384;1336;1371;1410;1472;1499;1456;1420;1405;1384;1381;1329;1319;1288;1313;1372;1426;1472;1501;1476;1607;1718;1724;1761;1791;1807;1795;1836;1939;2033;2086;2090;2070;2036;2014;1969;1874;1842;1809;1784;1852;1862;1841;1791;1737;1637;1597;1549;1499;1409;1339;1330;1354;1381;1386;1354;1341;1312;1311;1299;1314;1302;1285;1279;1365;1377;1386;1380;1415;1458;1457;1463;1511;1496;1553;1614;1709;1823
40 - 49 jährig;11; 1'627 ; 1'631 ; 1'585 ; 1'588 ; 1'584 ; 1'541 ; 1'516 ; 1'534 ; 1'516 ; 1'485 ; 1'556 ; 1'605 ; 1'609 ; 1'625 ; 1'600 ; 1'573 ; 1'579 ; 1'584 ; 1'550 ; 1'527 ; 1'543 ; 1'536 ; 1'578 ; 1'588 ; 1'567 ; 1'572 ; 1'551 ; 1'505 ; 1'450 ; 1'437 ; 1'418 ; 1'401 ; 1'363 ; 1'323 ; 1'332 ; 1'366 ; 1'331 ; 1'334 ; 1'286 ; 1'227 ; 1'217 ; 1'199 ; 1'186 ; 1'181 ; 1'156 ; 1'150 ; 1'157 ; 1'193 ; 1'187 ; 1'178 ; 1'144 ; 1'135 ; 1'085 ; 1'034 ; 1'005 ; 981 ; 1'010 ; 1'034 ; 1'095 ; 1'188 ; 1'261 ; 1'317 ; 1'385 ; 1'454 ; 1'507 ; 1'598 ; 1'596 ; 1'616 ; 1'628 ; 1'657 ; 1'718 ; 1'809 ; 1'770 ; 1'757 ; 1'745 ; 1'676 ; 1'642 ; 1'593 ; 1'557 ; 1'529 ; 1'490 ; 1'455 ; 1'432 ; 1'447 ; 1'415 ; 1'379 ; 1'332 ; 1'215 ; 1'168 ; 1'154 ; 1'105 ; 1'118 ; 1'127 ; 1'146 ; 1'198 ; 1'242 ; 1'228 ; 1'221 ; 1'201 ; 1'190 ; 1'175 ; 1'157 ; 1'153 ; 1'143 ; 1'162 ; 1'226 ; 1'318 ; 1'380 ; 1'392 ; 1'402 ; 1'391 ; 1'340 ; 1'323 ; 1'297 ; 1'266 ; 1'239 ; 1'240 ; 1'271 ; 1'298 ; 1'307 ; 1'309 ; 1'308 ; 1'292 ; 1'253 ; 1'207 ; 1'182 ; 1'176 ; 1'133 ; 1'111 ; 1'129 ; 1'177 ; 1'257 ; 1'219 ; 1'228 ; 1'239 ; 1'244 ; 1'211 ; 1'203 ; 1'211 ; 1'204 ; 1'246 ; 1'284 ; 1'398 ; 1'461 ; 1'436 ; 1'433 ; 1'424 ; 1'390 ; 1'367 ; 1'371 ; 1'361 ; 1'352 ; 1'368 ; 1'380 ; 1'431 ; 1'454 ; 1'441 ;1'430;1'419;1'400;1'371;1'339;1'308;1'290;1'268;1255;1306;1326;1354;1280;1280;1242;1197;1166;1154;1148;1157;1146;1172;1220;1209;1186;1185;1133;1091;1069;1046;1025;1045;1085;1171;1249;1246;1217;1340;1419;1461;1490;1548;1570;1608;1626;1675;1759;1739;1739;1733;1720;1663;1615;1531;1497;1488;1482;1521;1535;1469;1460;1412;1328;1278;1229;1147;1127;1077;1084;1101;1113;1130;1153;1103;1059;1021;987;983;1001;1001;1047;1101;1137;1171;1181;1178;1188;1212;1213;1223;1194;1239;1309;1410;1475
50 - 59 jährig;12; 1'101 ; 1'116 ; 1'110 ; 1'104 ; 1'120 ; 1'134 ; 1'113 ; 1'094 ; 1'069 ; 1'064 ; 1'112 ; 1'158 ; 1'164 ; 1'186 ; 1'186 ; 1'170 ; 1'166 ; 1'152 ; 1'146 ; 1'132 ; 1'133 ; 1'146 ; 1'152 ; 1'152 ; 1'158 ; 1'144 ; 1'143 ; 1'114 ; 1'083 ; 1'077 ; 1'048 ; 986 ; 991 ; 987 ; 975 ; 999 ; 986 ; 971 ; 935 ; 916 ; 892 ; 896 ; 888 ; 862 ; 844 ; 833 ; 867 ; 902 ; 880 ; 846 ; 874 ; 860 ; 821 ; 795 ; 769 ; 733 ; 743 ; 786 ; 808 ; 869 ; 934 ; 976 ; 1'066 ; 1'092 ; 1'148 ; 1'222 ; 1'236 ; 1'218 ; 1'262 ; 1'288 ; 1'349 ; 1'429 ; 1'440 ; 1'447 ; 1'488 ; 1'446 ; 1'406 ; 1'380 ; 1'325 ; 1'313 ; 1'286 ; 1'262 ; 1'245 ; 1'269 ; 1'238 ; 1'203 ; 1'201 ; 1'148 ; 1'065 ; 1'036 ; 982 ; 1'009 ; 999 ; 1'010 ; 1'060 ; 1'085 ; 1'099 ; 1'093 ; 1'067 ; 1'062 ; 1'051 ; 1'053 ; 1'060 ; 1'060 ; 1'073 ; 1'106 ; 1'186 ; 1'249 ; 1'276 ; 1'256 ; 1'230 ; 1'222 ; 1'203 ; 1'189 ; 1'191 ; 1'168 ; 1'128 ; 1'146 ; 1'193 ; 1'238 ; 1'197 ; 1'179 ; 1'167 ; 1'145 ; 1'119 ; 1'087 ; 1'073 ; 1'017 ; 1'029 ; 1'038 ; 1'073 ; 1'099 ; 1'118 ; 1'141 ; 1'170 ; 1'202 ; 1'193 ; 1'217 ; 1'216 ; 1'223 ; 1'256 ; 1'289 ; 1'355 ; 1'395 ; 1'387 ; 1'427 ; 1'417 ; 1'400 ; 1'430 ; 1'441 ; 1'410 ; 1'413 ; 1'417 ; 1'428 ; 1'477 ; 1'531 ; 1'545 ;1'541;1'576;1'540;1'531;1'533;1'539;1'527;1'525;1502;1565;1597;1587;1573;1582;1534;1489;1357;1321;1262;1237;1280;1297;1290;1299;1289;1274;1266;1246;1219;1188;1162;1163;1173;1205;1259;1301;1300;1381;1455;1522;1600;1635;1658;1681;1725;1809;1860;1854;1835;1846;1817;1785;1751;1712;1660;1617;1580;1603;1601;1573;1562;1522;1455;1388;1319;1283;1257;1200;1169;1189;1207;1167;1152;1103;1055;1023;993;985;980;981;1036;1154;1178;1225;1247;1234;1233;1216;1240;1257;1240;1263;1298;1362;1401
60 und älter;13; 355 ; 357 ; 362 ; 355 ; 344 ; 344 ; 333 ; 331 ; 327 ; 331 ; 344 ; 351 ; 348 ; 353 ; 361 ; 365 ; 374 ; 375 ; 372 ; 371 ; 387 ; 386 ; 393 ; 400 ; 404 ; 417 ; 423 ; 423 ; 431 ; 433 ; 430 ; 436 ; 432 ; 425 ; 422 ; 426 ; 426 ; 429 ; 442 ; 436 ; 436 ; 426 ; 420 ; 412 ; 410 ; 401 ; 406 ; 401 ; 407 ; 396 ; 382 ; 375 ; 367 ; 358 ; 356 ; 341 ; 348 ; 345 ; 365 ; 374 ; 377 ; 395 ; 410 ; 421 ; 430 ; 443 ; 457 ; 472 ; 491 ; 502 ; 513 ; 529 ; 553 ; 556 ; 571 ; 577 ; 580 ; 591 ; 580 ; 569 ; 565 ; 553 ; 554 ; 555 ; 561 ; 542 ; 539 ; 510 ; 479 ; 469 ; 455 ; 462 ; 454 ; 443 ; 442 ; 454 ; 454 ; 443 ; 431 ; 427 ; 428 ; 414 ; 409 ; 420 ; 433 ; 425 ; 433 ; 443 ; 450 ; 447 ; 446 ; 431 ; 413 ; 412 ; 414 ; 405 ; 396 ; 411 ; 421 ; 419 ; 416 ; 424 ; 425 ; 431 ; 433 ; 440 ; 435 ; 430 ; 422 ; 411 ; 419 ; 443 ; 447 ; 459 ; 461 ; 471 ; 472 ; 478 ; 480 ; 476 ; 486 ; 485 ; 501 ; 516 ; 529 ; 538 ; 550 ; 563 ; 555 ; 543 ; 538 ; 542 ; 542 ; 546 ; 569 ; 573 ; 567 ;565;563;552;568;566;574;567;568;577;592;594;581;578;588;589;581;555;551;558;550;548;545;554;552;537;526;538;514;525;530;517;536;541;557;558;561;552;596;611;637;674;694;694;726;741;764;780;778;795;808;821;826;828;811;793;793;796;803;806;794;784;779;759;739;732;720;706;696;701;704;662;660;668;666;644;638;613;618;612;592;595;595;591;613;623;640;642;672;661;661;665;686;705;724;741
;;;;;;;;;;;;;;;;;;;;;;;;;;;;;;;;;;;;;;;;;;;;;;;;;;;;;;;;;;;;;;;;;;;;;;;;;;;;;;;;;;;;;;;;;;;;;;;;;;;;;;;;;;;;;;;;;;;;;;;;;;;;;;;;;;;;;;;;;;;;;;;;;;;;;;;;;;;;;;;;;;;;;;;;;;;;;;;;;;;;;;;;;;;;;;;;;;;;;;;;;;;;;;;;;;;;;;;;;;;;;;;;;;;;;;;;;;;;;;;;;;;;;;;;;;;;;
Arbeitslose Regional;;;;;;;;;;;;;;;;;;;;;;;;;;;;;;;;;;;;;;;;;;;;;;;;;;;;;;;;;;;;;;;;;;;;;;;;;;;;;;;;;;;;;;;;;;;;;;;;;;;;;;;;;;;;;;;;;;;;;;;;;;;;;;;;;;;;;;;;;;;;;;;;;;;;;;;;;;;;;;;;;;;;;;;;;;;;;;;;;;;;;;;;;;;;;;;;;;;;;;;;;;;;;;;;;;;;;;;;;;;;;;;;;;;;;;;;;;;;;;;;;;;;;;;;;;;;;
Solothurn;14; 2'190 ; 2'100 ; 2'030 ; 1'864 ; 1'793 ; 1'740 ; 1'742 ; 1'780 ; 1'696 ; 1'645 ; 1'739 ; 1'856 ; 1'809 ; 1'841 ; 1'759 ; 1'704 ; 1'656 ; 1'573 ; 1'613 ; 1'610 ; 1'627 ; 1'587 ; 1'594 ; 1'614 ; 1'622 ; 1'570 ; 1'533 ; 1'468 ; 1'439 ; 1'370 ; 1'433 ; 1'370 ; 1'399 ; 1'347 ; 1'338 ; 1'416 ; 1'407 ; 1'340 ; 1'288 ; 1'230 ; 1'222 ; 1'157 ; 1'188 ; 1'198 ; 1'176 ; 1'157 ; 1'172 ; 1'211 ; 1'247 ; 1'173 ; 1'121 ; 1'163 ; 1'020 ; 966 ; 1'027 ; 1'046 ; 1'064 ; 1'070 ; 1'246 ; 1'421 ; 1'595 ; 1'686 ; 1'753 ; 1'782 ; 1'793 ; 1'914 ; 2'051 ; 2'085 ; 2'080 ; 2'176 ; 2'278 ; 2'469 ; 2'427 ; 2'304 ; 2'164 ; 2'069 ; 1'929 ; 1'822 ; 1'774 ; 1'750 ; 1'547 ; 1'575 ; 1'522 ; 1'586 ; 1'560 ; 1'498 ; 1'417 ; 1'297 ; 1'131 ; 1'116 ; 1'155 ; 1'305 ; 1'282 ; 1'277 ; 1'332 ; 1'433 ; 1'423 ; 1'408 ; 1'314 ; 1'266 ; 1'224 ; 1'209 ; 1'270 ; 1'351 ; 1'313 ; 1'339 ; 1'503 ; 1'611 ; 1'647 ; 1'653 ; 1'603 ; 1'526 ; 1'473 ; 1'388 ; 1'397 ; 1'360 ; 1'317 ; 1'349 ; 1'427 ; 1'527 ; 1'495 ; 1'473 ; 1'393 ; 1'345 ; 1'279 ; 1'268 ; 1'315 ; 1'272 ; 1'210 ; 1'199 ; 1'258 ; 1'389 ; 1'397 ; 1'408 ; 1'369 ; 1'375 ; 1'359 ; 1'368 ; 1'472 ; 1'457 ; 1'450 ; 1'469 ; 1'546 ; 1'698 ; 1'651 ; 1'610 ; 1'591 ; 1'519 ; 1'509 ; 1'474 ; 1'450 ; 1'490 ; 1'534 ; 1'527 ; 1'602 ; 1'676 ; 1'644 ;1'570;1'531;1'452;1'378;1'296;1'305;1'299;1'302;1312;1353;1440;1393;1357;1337;1144;1003;947;907;932;910;883;903;947;996;925;893;823;796;766;767;819;851;865;890;1002;1084;1101;1258;1408;1425;1448;1461;1568;1537;1578;1582;1666;1769;1758;1631;1574;1463;1371;1306;1299;1261;1200;1199;1261;1292;1312;1233;1148;1040;984;995;985;890;884;884;933;964;923;933;883;872;812;847;892;890;890;900;985;1034;997;1001;980;1000;995;1055;1154;1199;1229;1272;1371
Grenchen;15; 662 ; 650 ; 622 ; 595 ; 565 ; 521 ; 531 ; 577 ; 574 ; 543 ; 571 ; 614 ; 619 ; 614 ; 586 ; 550 ; 541 ; 507 ; 515 ; 523 ; 515 ; 521 ; 503 ; 515 ; 498 ; 511 ; 486 ; 473 ; 434 ; 431 ; 423 ; 433 ; 422 ; 409 ; 406 ; 438 ; 443 ; 429 ; 395 ; 379 ; 359 ; 336 ; 344 ; 369 ; 343 ; 334 ; 321 ; 333 ; 341 ; 322 ; 317 ; 345 ; 344 ; 317 ; 344 ; 355 ; 364 ; 377 ; 403 ; 479 ; 496 ; 551 ; 589 ; 601 ; 646 ; 702 ; 711 ; 729 ; 747 ; 730 ; 755 ; 806 ; 802 ; 777 ; 761 ; 688 ; 649 ; 593 ; 575 ; 584 ; 506 ; 529 ; 530 ; 545 ; 548 ; 514 ; 459 ; 411 ; 365 ; 349 ; 322 ; 315 ; 346 ; 341 ; 395 ; 408 ; 407 ; 429 ; 409 ; 411 ; 389 ; 382 ; 386 ; 424 ; 428 ; 423 ; 457 ; 507 ; 542 ; 534 ; 481 ; 467 ; 464 ; 439 ; 468 ; 505 ; 514 ; 547 ; 556 ; 586 ; 573 ; 559 ; 548 ; 536 ; 531 ; 490 ; 473 ; 450 ; 443 ; 414 ; 439 ; 507 ; 499 ; 499 ; 498 ; 502 ; 454 ; 449 ; 462 ; 473 ; 462 ; 501 ; 580 ; 617 ; 607 ; 585 ; 574 ; 570 ; 546 ; 523 ; 495 ; 506 ; 527 ; 528 ; 568 ; 609 ; 609 ;583;565;553;510;488;501;505;483;428;462;504;491;491;482;418;375;331;317;312;323;334;342;383;382;379;352;324;301;296;300;327;349;349;371;421;442;432;495;538;555;554;525;592;595;621;604;676;730;737;689;634;600;573;550;572;504;470;466;502;496;454;415;417;388;367;370;377;377;335;345;410;408;397;364;356;317;308;317;332;323;357;382;437;461;438;451;437;439;439;436;450;459;473;497;553
Olten/Gösgen/Gäu;16; 1'784 ; 1'794 ; 1'715 ; 1'680 ; 1'578 ; 1'551 ; 1'575 ; 1'664 ; 1'632 ; 1'548 ; 1'596 ; 1'675 ; 1'764 ; 1'779 ; 1'750 ; 1'607 ; 1'265 ; 1'586 ; 1'537 ; 1'600 ; 1'629 ; 1'610 ; 1'672 ; 1'708 ; 1'816 ; 1'745 ; 1'662 ; 1'559 ; 1'407 ; 1'321 ; 1'282 ; 1'338 ; 1'305 ; 1'271 ; 1'237 ; 1'290 ; 1'343 ; 1'308 ; 1'261 ; 1'146 ; 1'133 ; 1'102 ; 1'127 ; 1'173 ; 1'123 ; 1'084 ; 1'179 ; 1'230 ; 1'267 ; 1'189 ; 1'173 ; 1'120 ; 1'015 ; 961 ; 998 ; 1'028 ; 994 ; 1'036 ; 1'111 ; 1'278 ; 1'442 ; 1'512 ; 1'592 ; 1'664 ; 1'678 ; 1'861 ; 1'937 ; 1'977 ; 2'007 ; 2'036 ; 2'024 ; 2'099 ; 2'133 ; 2'159 ; 2'090 ; 1'927 ; 1'839 ; 1'782 ; 1'756 ; 1'695 ; 1'604 ; 1'563 ; 1'501 ; 1'589 ; 1'617 ; 1'514 ; 1'382 ; 1'238 ; 1'118 ; 1'120 ; 1'080 ; 1'140 ; 1'015 ; 988 ; 1'034 ; 1'169 ; 1'215 ; 1'232 ; 1'135 ; 1'090 ; 1'085 ; 1'077 ; 1'095 ; 1'140 ; 1'157 ; 1'187 ; 1'264 ; 1'446 ; 1'573 ; 1'551 ; 1'430 ; 1'346 ; 1'313 ; 1'288 ; 1'241 ; 1'278 ; 1'210 ; 1'180 ; 1'243 ; 1'331 ; 1'374 ; 1'377 ; 1'291 ; 1'195 ; 1'127 ; 1'077 ; 1'055 ; 1'095 ; 1'096 ; 1'113 ; 1'107 ; 1'260 ; 1'312 ; 1'298 ; 1'263 ; 1'249 ; 1'221 ; 1'244 ; 1'269 ; 1'364 ; 1'317 ; 1'281 ; 1'334 ; 1'563 ; 1'618 ; 1'600 ; 1'554 ; 1'497 ; 1'441 ; 1'370 ; 1'365 ; 1'511 ; 1'495 ; 1'508 ; 1'524 ; 1'691 ; 1'764 ;1'727;1'620;1'582;1'514;1'442;1'462;1'541;1'403;1446;1457;1615;1603;1550;1660;1512;1382;1291;1277;1311;1283;1189;1210;1320;1348;1334;1266;1167;1126;1071;1092;1099;1091;1162;1244;1298;1374;1389;1580;1730;1785;1711;1758;1825;1774;1693;1719;1923;2026;2025;1868;1798;1745;1660;1617;1614;1556;1550;1566;1684;1709;1672;1576;1494;1356;1255;1251;1290;1216;1189;1182;1297;1344;1359;1292;1243;1217;1140;1169;1199;1182;1145;1234;1385;1452;1420;1373;1357;1360;1382;1491;1495;1515;1595;1673;1819
Thal;17; 251 ; 242 ; 234 ; 215 ; 195 ; 183 ; 198 ; 205 ; 197 ; 178 ; 183 ; 193 ; 194 ; 194 ; 195 ; 185 ; 173 ; 156 ; 179 ; 183 ; 184 ; 179 ; 202 ; 188 ; 213 ; 211 ; 195 ; 199 ; 180 ; 171 ; 168 ; 160 ; 152 ; 154 ; 150 ; 158 ; 176 ; 173 ; 158 ; 155 ; 152 ; 153 ; 152 ; 144 ; 126 ; 112 ; 121 ; 127 ; 141 ; 140 ; 130 ; 147 ; 135 ; 122 ; 129 ; 125 ; 128 ; 128 ; 135 ; 163 ; 176 ; 211 ; 238 ; 242 ; 264 ; 282 ; 283 ; 281 ; 269 ; 275 ; 288 ; 310 ; 315 ; 324 ; 307 ; 278 ; 261 ; 250 ; 233 ; 223 ; 198 ; 198 ; 180 ; 191 ; 192 ; 177 ; 175 ; 156 ; 126 ; 125 ; 125 ; 128 ; 123 ; 129 ; 148 ; 171 ; 183 ; 178 ; 174 ; 147 ; 158 ; 146 ; 148 ; 155 ; 155 ; 165 ; 174 ; 193 ; 210 ; 203 ; 188 ; 188 ; 184 ; 183 ; 201 ; 193 ; 174 ; 178 ; 191 ; 202 ; 215 ; 204 ; 188 ; 174 ; 172 ; 172 ; 172 ; 175 ; 169 ; 167 ; 183 ; 183 ; 177 ; 176 ; 187 ; 183 ; 169 ; 181 ; 181 ; 182 ; 174 ; 190 ; 195 ; 231 ; 237 ; 235 ; 222 ; 209 ; 207 ; 187 ; 194 ; 216 ; 219 ; 219 ; 226 ; 226 ; 236 ;239;247;225;216;205;206;196;204;196;188;206;210;195;196;164;146;139;137;144;139;125;115;126;147;145;146;132;109;103;114;120;123;125;122;141;150;150;163;193;188;181;200;221;226;218;211;229;234;240;223;217;195;196;208;205;186;189;180;191;184;189;178;174;164;162;154;152;128;122;140;153;152;141;132;129;131;137;132;133;138;135;148;162;176;172;164;160;161;175;176;171;186;183;203;226
Thierstein/Dorneck;18; 440 ; 456 ; 436 ; 431 ; 429 ; 418 ; 416 ; 422 ; 407 ; 419 ; 422 ; 465 ; 462 ; 449 ; 451 ; 427 ; 405 ; 406 ; 409 ; 444 ; 417 ; 412 ; 391 ; 432 ; 448 ; 450 ; 430 ; 397 ; 377 ; 367 ; 370 ; 340 ; 328 ; 320 ; 313 ; 332 ; 342 ; 352 ; 339 ; 323 ; 316 ; 302 ; 305 ; 307 ; 271 ; 291 ; 311 ; 352 ; 313 ; 296 ; 278 ; 288 ; 265 ; 264 ; 265 ; 250 ; 274 ; 277 ; 281 ; 310 ; 331 ; 353 ; 362 ; 365 ; 386 ; 417 ; 421 ; 416 ; 447 ; 442 ; 438 ; 448 ; 434 ; 438 ; 433 ; 437 ; 425 ; 409 ; 414 ; 419 ; 433 ; 433 ; 445 ; 463 ; 460 ; 443 ; 427 ; 393 ; 369 ; 360 ; 361 ; 334 ; 338 ; 346 ; 357 ; 387 ; 403 ; 399 ; 390 ; 392 ; 375 ; 363 ; 365 ; 376 ; 375 ; 387 ; 419 ; 446 ; 472 ; 456 ; 430 ; 407 ; 376 ; 353 ; 366 ; 347 ; 327 ; 339 ; 339 ; 352 ; 368 ; 372 ; 399 ; 385 ; 366 ; 368 ; 371 ; 367 ; 374 ; 365 ; 364 ; 389 ; 393 ; 407 ; 402 ; 376 ; 359 ; 347 ; 369 ; 415 ; 402 ; 412 ; 452 ; 492 ; 519 ; 524 ; 509 ; 486 ; 486 ; 459 ; 459 ; 459 ; 445 ; 450 ; 460 ; 477 ; 491 ;483;457;469;456;429;426;412;409;400;409;428;463;459;420;395;359;380;353;349;341;334;315;337;345;350;320;298;278;295;267;264;269;260;273;337;355;336;362;435;493;472;449;469;449;448;444;457;487;483;466;449;429;415;404;387;368;332;369;385;400;381;360;341;319;300;299;283;267;257;263;281;281;287;263;259;255;245;266;299;284;288;299;326;337;341;317;325;322;324;328;353;352;342;339;374
;;;;;;;;;;;;;;;;;;;;;;;;;;;;;;;;;;;;;;;;;;;;;;;;;;;;;;;;;;;;;;;;;;;;;;;;;;;;;;;;;;;;;;;;;;;;;;;;;;;;;;;;;;;;;;;;;;;;;;;;;;;;;;;;;;;;;;;;;;;;;;;;;;;;;;;;;;;;;;;;;;;;;;;;;;;;;;;;;;;;;;;;;;;;;;;;;;;;;;;;;;;;;;;;;;;;;;;;;;;;;;;;;;;;;;;;;;;;;;;;;;;;;;;;;;;;;
Stellensuchende Regional;;;;;;;;;;;;;;;;;;;;;;;;;;;;;;;;;;;;;;;;;;;;;;;;;;;;;;;;;;;;;;;;;;;;;;;;;;;;;;;;;;;;;;;;;;;;;;;;;;;;;;;;;;;;;;;;;;;;;;;;;;;;;;;;;;;;;;;;;;;;;;;;;;;;;;;;;;;;;;;;;;;;;;;;;;;;;;;;;;;;;;;;;;;;;;;;;;;;;;;;;;;;;;;;;;;;;;;;;;;;;;;;;;;;;;;;;;;;;;;;;;;;;;;;;;;;;
Solothurn;19; 3'186 ; 3'175 ; 3'104 ; 2'984 ; 2'903 ; 2'843 ; 2'828 ; 2'847 ; 2'773 ; 2'693 ; 2'737 ; 2'813 ; 2'834 ; 2'864 ; 2'768 ; 2'716 ; 2'703 ; 6'957 ; 2'663 ; 2'618 ; 2'606 ; 2'642 ; 2'631 ; 2'621 ; 2'568 ; 2'512 ; 2'472 ; 2'401 ; 2'342 ; 2'297 ; 2'328 ; 2'286 ; 2'292 ; 2'236 ; 2'209 ; 2'242 ; 2'194 ; 2'156 ; 2'098 ; 2'050 ; 2'002 ; 1'927 ; 1'943 ; 1'940 ; 1'930 ; 1'920 ; 1'929 ; 1'946 ; 1'970 ; 1'877 ; 1'825 ; 1'810 ; 1'661 ; 1'579 ; 1'590 ; 1'613 ; 1'661 ; 1'687 ; 1'814 ; 1'989 ; 2'168 ; 2'264 ; 2'365 ; 2'430 ; 2'451 ; 2'566 ; 2'691 ; 2'728 ; 2'724 ; 2'800 ; 2'940 ; 3'113 ; 3'075 ; 2'995 ; 2'945 ; 2'839 ; 2'700 ; 2'563 ; 2'514 ; 2'504 ; 2'399 ; 2'403 ; 2'349 ; 2'370 ; 2'317 ; 2'216 ; 2'185 ; 2'012 ; 1'826 ; 1'788 ; 1'754 ; 1'896 ; 1'898 ; 1'933 ; 2'003 ; 2'058 ; 2'068 ; 2'066 ; 1'972 ; 1'947 ; 1'898 ; 1'868 ; 1'895 ; 1'956 ; 1'906 ; 1'984 ; 2'147 ; 2'235 ; 2'285 ; 2'298 ; 2'275 ; 2'230 ; 2'177 ; 2'119 ; 2'111 ; 2'056 ; 1'992 ; 2'075 ; 2'133 ; 2'165 ; 2'109 ; 2'069 ; 2'003 ; 1'976 ; 1'904 ; 1'885 ; 1'904 ; 1'855 ; 1'795 ; 1'785 ; 1'843 ; 1'935 ; 1'912 ; 1'942 ; 1'961 ; 1'969 ; 1'960 ; 1'973 ; 2'069 ; 2'087 ; 2'099 ; 2'144 ; 2'267 ; 2'361 ; 2'335 ; 2'321 ; 2'276 ; 2'213 ; 2'213 ; 2'229 ; 2'208 ; 2'251 ; 2'284 ; 2'283 ; 2'358 ; 2'402 ; 2'403 ;2'341;2'342;2'249;2'185;2'127;2'120;2'090;2'085;2096;2153;2155;2135;2104;2079;2005;1923;1825;1825;1814;1773;1778;1828;1895;1898;1819;1788;1742;1678;1673;1675;1654;1675;1752;1826;1888;1919;1882;2065;2261;2369;2486;2561;2597;2606;2669;2791;2838;2825;2815;2764;2718;2655;2559;2466;2384;2352;2287;2350;2339;2337;2343;2259;2128;1988;1918;1880;1797;1690;1695;1702;1635;1634;1661;1647;1582;1575;1555;1579;1595;1577;1601;1661;1695;1733;1716;1742;1745;1765;1811;1889;1940;1974;2064;2153;2237
Grenchen;20; 908 ; 903 ; 870 ; 871 ; 841 ; 809 ; 807 ; 863 ; 855 ; 825 ; 856 ; 864 ; 860 ; 890 ; 856 ; 825 ; 820 ; 783 ; 791 ; 784 ; 756 ; 773 ; 768 ; 782 ; 771 ; 768 ; 754 ; 718 ; 689 ; 677 ; 660 ; 657 ; 655 ; 657 ; 652 ; 656 ; 663 ; 642 ; 616 ; 595 ; 568 ; 554 ; 545 ; 569 ; 519 ; 513 ; 493 ; 504 ; 532 ; 512 ; 499 ; 513 ; 512 ; 505 ; 512 ; 524 ; 536 ; 542 ; 564 ; 638 ; 671 ; 719 ; 766 ; 790 ; 850 ; 903 ; 912 ; 941 ; 981 ; 962 ; 981 ; 1'021 ; 1'008 ; 990 ; 997 ; 936 ; 899 ; 860 ; 827 ; 822 ; 783 ; 772 ; 781 ; 796 ; 789 ; 749 ; 707 ; 646 ; 591 ; 580 ; 531 ; 524 ; 545 ; 540 ; 595 ; 602 ; 604 ; 626 ; 609 ; 610 ; 573 ; 556 ; 550 ; 581 ; 594 ; 604 ; 638 ; 670 ; 711 ; 705 ; 675 ; 661 ; 646 ; 628 ; 637 ; 672 ; 681 ; 738 ; 755 ; 769 ; 762 ; 748 ; 736 ; 735 ; 729 ; 689 ; 665 ; 635 ; 620 ; 585 ; 621 ; 681 ; 669 ; 677 ; 692 ; 696 ; 650 ; 651 ; 656 ; 669 ; 684 ; 714 ; 786 ; 816 ; 822 ; 824 ; 818 ; 814 ; 805 ; 795 ; 775 ; 776 ; 798 ; 804 ; 837 ; 866 ; 868 ;849;846;816;806;784;805;807;805;770;768;777;777;777;757;706;669;651;662;648;638;650;697;711;719;692;677;669;657;631;637;641;656;677;711;752;757;726;785;827;854;884;906;931;954;1008;1055;1130;1117;1109;1092;1062;1044;1018;1001;974;923;899;915;904;848;823;798;756;730;693;670;668;668;642;657;694;694;672;641;598;566;559;569;579;586;614;663;697;718;728;730;733;738;743;744;744;758;771;831;883
Olten/Gösgen/Gäu;21; 2'672 ; 2'681 ; 2'634 ; 2'637 ; 2'528 ; 2'517 ; 2'543 ; 2'620 ; 2'610 ; 2'514 ; 2'592 ; 2'657 ; 2'685 ; 2'716 ; 2'678 ; 2'614 ; 2'640 ; 2'648 ; 2'592 ; 2'656 ; 2'663 ; 2'629 ; 2'697 ; 2'701 ; 2'760 ; 2'693 ; 2'679 ; 2'617 ; 2'476 ; 2'412 ; 2'366 ; 2'406 ; 2'350 ; 2'271 ; 2'252 ; 2'301 ; 2'329 ; 2'334 ; 2'295 ; 2'198 ; 2'172 ; 2'131 ; 2'130 ; 2'118 ; 2'045 ; 1'987 ; 2'044 ; 2'104 ; 2'131 ; 2'062 ; 2'054 ; 2'018 ; 1'930 ; 1'860 ; 1'852 ; 1'818 ; 1'822 ; 1'849 ; 1'909 ; 2'063 ; 2'213 ; 2'282 ; 2'398 ; 2'477 ; 2'481 ; 2'711 ; 2'792 ; 2'842 ; 2'898 ; 2'920 ; 2'922 ; 3'048 ; 3'093 ; 3'129 ; 3'122 ; 2'963 ; 2'903 ; 2'875 ; 2'886 ; 2'825 ; 2'734 ; 2'659 ; 2'595 ; 2'639 ; 2'608 ; 2'535 ; 2'413 ; 2'186 ; 2'099 ; 2'080 ; 1'984 ; 1'993 ; 1'946 ; 1'952 ; 2'074 ; 2'203 ; 2'243 ; 2'229 ; 2'156 ; 2'125 ; 2'124 ; 2'154 ; 2'172 ; 2'172 ; 2'207 ; 2'272 ; 2'373 ; 2'517 ; 2'608 ; 2'591 ; 2'494 ; 2'439 ; 2'368 ; 2'362 ; 2'365 ; 2'342 ; 2'303 ; 2'307 ; 2'402 ; 2'466 ; 2'473 ; 2'429 ; 2'361 ; 2'264 ; 2'185 ; 2'168 ; 2'136 ; 2'076 ; 2'100 ; 2'141 ; 2'193 ; 2'299 ; 2'335 ; 2'344 ; 2'397 ; 2'383 ; 2'354 ; 2'415 ; 2'480 ; 2'452 ; 2'488 ; 2'522 ; 2'655 ; 2'777 ; 2'785 ; 2'826 ; 2'806 ; 2'771 ; 2'702 ; 2'641 ; 2'616 ; 2'689 ; 2'712 ; 2'773 ; 2'837 ; 2'909 ; 2'961 ;2'977;2'916;2'821;2'792;2'783;2'821;2'799;2'779;2751;2866;2944;2932;2887;2868;2778;2678;2519;2507;2494;2521;2559;2652;2676;2609;2599;2586;2498;2475;2403;2415;2355;2370;2401;2494;2545;2523;2489;2768;2958;2984;3066;3231;3196;3187;3157;3258;3385;3407;3392;3386;3317;3270;3180;3096;3029;2979;2959;3022;3062;3014;2950;2872;2747;2662;2557;2466;2392;2322;2321;2350;2393;2376;2389;2333;2266;2204;2145;2176;2153;2091;2163;2299;2339;2419;2469;2443;2474;2470;2481;2579;2493;2585;2724;2878;2993
Thal;22; 352 ; 345 ; 341 ; 313 ; 295 ; 283 ; 286 ; 294 ; 291 ; 283 ; 301 ; 305 ; 295 ; 295 ; 293 ; 291 ; 276 ; 273 ; 290 ; 300 ; 287 ; 290 ; 302 ; 297 ; 326 ; 326 ; 322 ; 313 ; 305 ; 291 ; 285 ; 265 ; 258 ; 260 ; 265 ; 269 ; 275 ; 275 ; 262 ; 252 ; 248 ; 253 ; 248 ; 231 ; 213 ; 206 ; 209 ; 216 ; 229 ; 227 ; 225 ; 228 ; 220 ; 214 ; 213 ; 206 ; 198 ; 194 ; 200 ; 227 ; 249 ; 285 ; 322 ; 330 ; 361 ; 375 ; 380 ; 383 ; 377 ; 384 ; 400 ; 421 ; 429 ; 424 ; 421 ; 400 ; 387 ; 361 ; 333 ; 324 ; 309 ; 306 ; 292 ; 302 ; 300 ; 283 ; 275 ; 252 ; 230 ; 219 ; 210 ; 213 ; 215 ; 223 ; 244 ; 268 ; 282 ; 287 ; 283 ; 259 ; 256 ; 241 ; 239 ; 256 ; 267 ; 282 ; 284 ; 300 ; 312 ; 302 ; 286 ; 285 ; 278 ; 276 ; 295 ; 282 ; 276 ; 276 ; 281 ; 299 ; 302 ; 296 ; 284 ; 272 ; 269 ; 274 ; 264 ; 258 ; 253 ; 261 ; 268 ; 267 ; 253 ; 251 ; 267 ; 271 ; 256 ; 267 ; 268 ; 268 ; 268 ; 276 ; 288 ; 314 ; 326 ; 329 ; 319 ; 323 ; 327 ; 324 ; 324 ; 341 ; 353 ; 359 ; 379 ; 369 ; 368 ;374;377;350;340;322;330;322;327;324;323;326;333;324;312;289;268;262;270;259;252;254;253;265;289;274;282;273;255;250;246;240;253;267;265;283;296;280;293;321;322;334;365;377;374;371;387;405;414;410;416;409;399;406;399;374;357;355;357;363;353;353;331;318;311;300;279;277;246;250;263;264;267;252;228;219;220;232;223;223;230;241;264;264;286;280;291;282;282;287;291;291;308;302;331;352
Thierstein/Dorneck;23; 549 ; 571 ; 568 ; 564 ; 573 ; 558 ; 565 ; 589 ; 584 ; 596 ; 615 ; 644 ; 643 ; 632 ; 640 ; 617 ; 602 ; 609 ; 615 ; 640 ; 637 ; 620 ; 614 ; 639 ; 650 ; 654 ; 655 ; 608 ; 584 ; 566 ; 552 ; 524 ; 486 ; 477 ; 466 ; 469 ; 479 ; 499 ; 480 ; 470 ; 460 ; 455 ; 459 ; 451 ; 431 ; 432 ; 456 ; 493 ; 469 ; 440 ; 423 ; 420 ; 405 ; 396 ; 399 ; 382 ; 400 ; 408 ; 417 ; 438 ; 461 ; 475 ; 501 ; 521 ; 538 ; 560 ; 563 ; 572 ; 607 ; 605 ; 605 ; 600 ; 581 ; 577 ; 569 ; 573 ; 568 ; 563 ; 573 ; 576 ; 583 ; 568 ; 578 ; 586 ; 573 ; 566 ; 556 ; 515 ; 505 ; 495 ; 488 ; 455 ; 462 ; 462 ; 477 ; 507 ; 511 ; 507 ; 496 ; 504 ; 493 ; 480 ; 496 ; 508 ; 504 ; 514 ; 556 ; 588 ; 604 ; 588 ; 565 ; 537 ; 510 ; 484 ; 495 ; 474 ; 483 ; 501 ; 493 ; 496 ; 508 ; 518 ; 539 ; 525 ; 515 ; 523 ; 542 ; 516 ; 522 ; 510 ; 512 ; 541 ; 557 ; 558 ; 561 ; 578 ; 564 ; 569 ; 576 ; 604 ; 602 ; 629 ; 679 ; 703 ; 686 ; 702 ; 696 ; 677 ; 680 ; 683 ; 691 ; 687 ; 665 ; 664 ; 688 ; 726 ; 709 ;719;696;684;683;654;670;639;632;619;631;645;668;667;648;646;616;607;616;614;594;584;582;583;592;600;553;533;515;518;527;500;507;514;547;591;598;567;621;682;722;715;724;722;719;742;771;801;811;800;786;764;751;735;720;686;659;633;649;670;656;650;638;587;570;547;548;523;496;485;475;480;471;473;466;445;436;429;461;448;452;471;521;536;535;547;521;530;540;539;532;541;548;544;545;580
;;;;;;;;;;;;;;;;;;;;;;;;;;;;;;;;;;;;;;;;;;;;;;;;;;;;;;;;;;;;;;;;;;;;;;;;;;;;;;;;;;;;;;;;;;;;;;;;;;;;;;;;;;;;;;;;;;;;;;;;;;;;;;;;;;;;;;;;;;;;;;;;;;;;;;;;;;;;;;;;;;;;;;;;;;;;;;;;;;;;;;;;;;;;;;;;;;;;;;;;;;;;;;;;;;;;;;;;;;;;;;;;;;;;;;;;;;;;;;;;;;;;;;;;;;;;;
Veränderungen;;;;;;;;;;;;;;;;;;;;;;;;;;;;;;;;;;;;;;;;;;;;;;;;;;;;;;;;;;;;;;;;;;;;;;;;;;;;;;;;;;;;;;;;;;;;;;;;;;;;;;;;;;;;;;;;;;;;;;;;;;;;;;;;;;;;;;;;;;;;;;;;;;;;;;;;;;;;;;;;;;;;;;;;;;;;;;;;;;;;;;;;;;;;;;;;;;;;;;;;;;;;;;;;;;;;;;;;;;;;;;;;;;;;;;;;;;;;;;;;;;;;;;;;;;;;;
Zugänge;24; 959 ; 727 ; 748 ; 641 ; 652 ; 674 ; 801 ; 917 ; 757 ; 726 ; 913 ; 779 ; 820 ; 729 ; 711 ; 746 ; 617 ; 732 ; 762 ; 905 ; 808 ; 688 ; 852 ; 675 ; 800 ; 664 ; 761 ; 550 ; 654 ; 543 ; 741 ; 746 ; 752 ; 670 ; 676 ; 578 ; 776 ; 631 ; 622 ; 538 ; 787 ; 583 ; 679 ; 785 ; 545 ; 654 ; 700 ; 564 ; 730 ; 605 ; 547 ; 668 ; 451 ; 510 ; 664 ; 670 ; 689 ; 711 ; 849 ; 934 ; 996 ; 824 ; 1'002 ; 807 ; 893 ; 856 ; 987 ; 941 ; 898 ; 883 ; 941 ; 909 ; 839 ; 743 ; 778 ; 646 ; 571 ; 581 ; 793 ; 788 ; 693 ; 723 ; 732 ; 725 ; 795 ; 612 ; 676 ; 580 ; 668 ; 602 ; 698 ; 839 ; 759 ; 756 ; 945 ; 757 ; 872 ; 675 ; 658 ; 643 ; 629 ; 808 ; 966 ; 832 ; 766 ; 865 ; 939 ; 795 ; 930 ; 696 ; 689 ; 706 ; 677 ; 699 ; 874 ; 750 ; 707 ; 850 ; 911 ; 765 ; 791 ; 708 ; 771 ; 666 ; 627 ; 662 ; 812 ; 713 ; 720 ; 761 ; 828 ; 836 ; 794 ; 716 ; 879 ; 808 ; 664 ; 826 ; 894 ; 886 ; 895 ; 947 ; 1'084 ; 878 ; 851 ; 835 ; 831 ; 791 ; 781 ; 819 ; 833 ; 961 ; 829 ; 882 ; 1'000 ; 835 ; 956 ;751;1'081;653;897;730;914;925;850;805;954;759;916;766;757;664;655;680;840;856;808;894;953;731;866;756;893;721;877;627;837;814;853;917;975;802;n.v.;644;1350;1133;1074;927;1038;946;894;960;1072;891;899;727;822;663;664;665;650;804;794;785;957;761;824;740;777;587;676;644;687;720;727;805;866;751;899;767;769;654;694;769;785;789;752;730;1048;708;1002;861;803;853;803;850;948;819;976;1062;1140;912
Abgänge;25; 895 ; 717 ; 910 ; 794 ; 886 ; 810 ; 772 ; 734 ; 851 ; 913 ; 728 ; 603 ; 788 ; 646 ; 867 ; 916 ; 640 ; 814 ; 774 ; 856 ; 856 ; 686 ; 796 ; 646 ; 760 ; 773 ; 835 ; 773 ; 915 ; 698 ; 786 ; 802 ; 839 ; 797 ; 725 ; 490 ; 777 ; 660 ; 772 ; 718 ; 839 ; 725 ; 673 ; 800 ; 715 ; 733 ; 635 ; 439 ; 657 ; 824 ; 640 ; 704 ; 715 ; 691 ; 641 ; 697 ; 623 ; 640 ; 617 ; 482 ; 589 ; 569 ; 673 ; 604 ; 766 ; 388 ; 755 ; 814 ; 785 ; 796 ; 755 ; 555 ; 859 ; 810 ; 846 ; 999 ; 824 ; 813 ; 884 ; 886 ; 929 ; 819 ; 842 ; 620 ; 899 ; 852 ; 896 ; 1'113 ; 1'033 ; 692 ; 886 ; 724 ; 776 ; 721 ; 668 ; 520 ; 798 ; 674 ; 859 ; 710 ; 729 ; 874 ; 884 ; 722 ; 765 ; 695 ; 604 ; 483 ; 721 ; 741 ; 874 ; 848 ; 862 ; 814 ; 849 ; 830 ; 749 ; 695 ; 741 ; 638 ; 836 ; 804 ; 906 ; 813 ; 801 ; 737 ; 848 ; 879 ; 778 ; 779 ; 678 ; 554 ; 800 ; 674 ; 777 ; 789 ; 780 ; 746 ; 728 ; 855 ; 832 ; 803 ; 693 ; 584 ; 870 ; 794 ; 928 ; 913 ; 846 ; 888 ; 884 ; 837 ; 762 ; 824 ; 786 ; 673 ; 921 ;797;1'267;907;554;863;848;844;882;862;776;650;931;852;847;903;932;973;820;909;866;850;771;611;898;882;1052;890;1016;728;817;931;777;785;745;587;n.v.;915;767;622;945;696;739;912;879;856;759;597;885;790;902;853;826;893;865;1043;973;913;811;721;957;837;1014;949;947;890;865;914;949;837;824;728;923;765;911;865;802;856;704;808;813;882;724;591;848;817;816;826;781;782;774;845;814;837;804;604
davon eine Stelle;26; 500 ; 436 ; 576 ; 524 ; 561 ; 538 ; 505 ; 496 ; 561 ; 583 ; 452 ; 392 ; 505 ; 440 ; 580 ; 596 ; 403 ; 517 ; 514 ; 573 ; 581 ; 449 ; 490 ; 358 ; 477 ; 490 ; 571 ; 524 ; 632 ; 466 ; 504 ; 543 ; 562 ; 540 ; 483 ; 303 ; 514 ; 435 ; 518 ; 484 ; 519 ; 463 ; 469 ; 558 ; 515 ; 507 ; 387 ; 272 ; 467 ; 522 ; 435 ; 481 ; 502 ; 459 ; 440 ; 500 ; 444 ; 420 ; 382 ; 275 ; 399 ; 360 ; 452 ; 405 ; 525 ; 267 ; 495 ; 532 ; 494 ; 484 ; 447 ; 337 ; 548 ; 546 ; 545 ; 683 ; 554 ; 551 ; 567 ; 633 ; 594 ; 541 ; 503 ; 379 ; 611 ; 547 ; 564 ; 653 ; 606 ; 395 ; 574 ; 450 ; 493 ; 438 ; 399 ; 325 ; 501 ; 412 ; 538 ; 472 ; 482 ; 415 ; 472 ; 492 ; 501 ; 405 ; 370 ; 281 ; 463 ; 442 ; 574 ; 563 ; 564 ; 551 ; 509 ; 541 ; 520 ; 452 ; 493 ; 349 ; 540 ; 494 ; 537 ; 506 ; 498 ; 444 ; 504 ; 520 ; 471 ; 458 ; 395 ; 282 ; 481 ; 424 ; 478 ; 477 ; 494 ; 473 ; 417 ; 552 ; 523 ; 478 ; 418 ; 335 ; 530 ; 467 ; 529 ; 556 ; 527 ; 492 ; 546 ; 536 ; 455 ; 488 ; 418 ; 365 ; 532 ;451;643;581;554;521;520;580;574;523;452;347;576;520;510;601;583;532;479;559;560;501;462;354;587;514;551;550;573;464;492;604;504;479;452;312;n.v.;553;471;356;463;503;522;678;630;573;493;335;551;499;617;642;608;649;611;745;656;604;527;408;602;533;627;619;608;556;539;594;619;505;534;393;574;477;592;560;478;469;432;539;495;452;429;335;529;697;530;535;495;473;462;543;508;515;467;312
Offene Stellen;27; 200 ; 278 ; 275 ; 227 ; 235 ; 232 ; 229 ; 218 ; 205 ; 212 ; 297 ; 267 ; 262 ; 205 ; 270 ; 242 ; 216 ; 224 ; 226 ; 240 ; 374 ; 341 ; 214 ; 136 ; 201 ; 317 ; 334 ; 233 ; 238 ; 261 ; 225 ; 227 ; 244 ; 263 ; 226 ; 216 ; 246 ; 298 ; 354 ; 331 ; 346 ; 299 ; 293 ; 288 ; 274 ; 293 ; 292 ; 248 ; 271 ; 325 ; 315 ; 337 ; 318 ; 324 ; 339 ; 298 ; 353 ; 308 ; 206 ; 184 ; 214 ; 293 ; 234 ; 212 ; 247 ; 298 ; 321 ; 277 ; 286 ; 270 ; 282 ; 253 ; 259 ; 294 ; 303 ; 367 ; 360 ; 345 ; 362 ; 358 ; 298 ; 308 ; 310 ; 303 ; 326 ; 414 ; 435 ; 393 ; 374 ; 337 ; 343 ; 334 ; 330 ; 279 ; 252 ; 214 ; 279 ; 374 ; 281 ; 238 ; 300 ; 303 ; 243 ; 187 ; 199 ; 201 ; 216 ; 214 ; 203 ; 236 ; 243 ; 238 ; 242 ; 291 ; 226 ; 218 ; 241 ; 217 ; 202 ; 195 ; 163 ; 181 ; 269 ; 305 ; 281 ; 283 ; 254 ; 238 ; 220 ; 202 ; 176 ; 147 ; 202 ; 224 ; 206 ; 199 ; 213 ; 258 ; 197 ; 171 ; 161 ; 133 ; 134 ; 117 ; 202 ; 198 ; 156 ; 137 ; 150 ; 164 ; 186 ; 164 ; 200 ; 182 ; 159 ; 146 ; 180 ;191;211;210;197;183;180;177;216;185;189;177;226;254;257;287;306;407;800;819;722;551;745;577;762;741;865;746;818;979;906;772;794;705;824;720;1041;770;844;554;587;874;854;858;953;1297;1193;930;1148;1153;1318;1247;1597;1731;1632;1692;1458;1278;1433;1156;1465;1700;1928;1748;1917;1890;1996;2124;2222;2190;1746;1672;1414;1822;2298;1667;2021;2158;1763;1626;1921;1790;1396;1332;1828;1918;1895;1522;1647;1379;1375;1421;1828;1548;1642;1326
;;;;;;;;;;;;;;;;;;;;;;;;;;;;;;;;;;;;;;;;;;;;;;;;;;;;;;;;;;;;;;;;;;;;;;;;;;;;;;;;;;;;;;;;;;;;;;;;;;;;;;;;;;;;;;;;;;;;;;;;;;;;;;;;;;;;;;;;;;;;;;;;;;;;;;;;;;;;;;;;;;;;;;;;;;;;;;;;;;;;;;;;;;;;;;;;;;;;;;;;;;;;;;;;;;;;;;;;;;;;;;;;;;;;;;;;;;;;;;;;;;;;;;;;;;;;;
Zwischenverdienst;28; 1'216 ; 1'258 ; 1'344 ; 1'445 ; 1'472 ; 1'504 ; 1'601 ; 1'556 ; 1'529 ; 1'511 ; 1'510 ; 1'465 ; 1'371 ; 1'379 ; 1'358 ; 1'425 ; 1'495 ; 1'610 ; 1'686 ; 1'645 ; 1'623 ; 1'637 ; 1'645 ; 1'597 ; 1'507 ; 1'507 ; 1'531 ; 1'598 ; 1'604 ; 1'641 ; 1'666 ; 1'619 ; 1'530 ; 1'472 ; 1'435 ; 1'376 ; 1'329 ; 1'326 ; 1'321 ; 1'339 ; 1'324 ; 1'384 ; 1'421 ; 1'353 ; 1'323 ; 1'252 ; 1'179 ; 1'140 ; 1'102 ; 1'080 ; 1'098 ; 1'077 ; 1'113 ; 1'102 ; 1'093 ; 1'035 ; 1'064 ; 1'039 ; 994 ; 986 ; 934 ; 912 ; 999 ; 1'071 ; 1'095 ; 1'142 ; 1'222 ; 1'270 ; 1'329 ; 1'336 ; 1'390 ; 1'348 ; 1'315 ; 1'340 ; 1'502 ; 1'538 ; 1'598 ; 1'633 ; 1'671 ; 1'638 ; 1'698 ; 1'600 ; 1'616 ; 1'535 ; 1'383 ; 1'359 ; 1'380 ; 1'281 ; 1'328 ; 1'315 ; 1'262 ; 1'157 ; 1'140 ; 1'131 ; 1'137 ; 1'082 ; 1'054 ; 1'049 ; 1'114 ; 1'142 ; 1'123 ; 1'163 ; 1'185 ; 1'197 ; 1'178 ; 1'153 ; 1'186 ; 1'145 ; 1'133 ; 1'124 ; 1'150 ; 1'214 ; 1'197 ; 1'261 ; 1'313 ; 1'275 ; 1'265 ; 1'290 ; 1'244 ; 1'177 ; 1'137 ; 1'097 ; 1'119 ; 1'171 ; 1'203 ; 1'266 ; 1'282 ; 1'254 ; 1'211 ; 1'224 ; 1'203 ; 1'151 ; 1'092 ; 1'091 ; 1'183 ; 1'235 ; 1'225 ; 1'272 ; 1'329 ; 1'345 ; 1'361 ; 1'344 ; 1'398 ; 1'304 ; 1'263 ; 1'317 ; 1'326 ; 1'392 ; 1'415 ; 1'478 ; 1'534 ; 1'492 ; 1'486 ; 1'485 ; 1'456 ; 1'410 ; 1'353 ;1'424;1'429;1'438;1'527;1'588;1'668;1'654;1'637;1582;1600;1500;1452;1438;1593;1690;1666;1671;1671;1623;1556;1558;1546;1443;1381;1384;1441;1511;1485;1477;1514;1448;1413;1432;1401;1344;1330;1314;1412;1501;1550;1695;1800;1793;1836;1858;1987;1895;1765;1813;2015;2093;2203;2246;2222;2130;2055;2028;1998;1886;1823;1788;1800;1770;1801;1747;1653;1575;1485;1461;1410;1236;1143;1204;1186;1149;1152;1147;1092;1065;1052;1089;1083;1019;1005;1020;1056;1102;1125;1104;1121;1142;1154;1150;1145;1092
Q-Programme;29; 645 ; 642 ; 603 ; 592 ; 578 ; 597 ; 513 ; 511 ; 544 ; 552 ; 592 ; 591 ; 602 ; 626 ; 629 ; 636 ; 649 ; 601 ; 502 ; 475 ; 406 ; 440 ; 454 ; 460 ; 473 ; 468 ; 524 ; 479 ; 478 ; 455 ; 403 ; 321 ; 308 ; 328 ; 448 ; 375 ; 367 ; 413 ; 421 ; 434 ; 425 ; 384 ; 332 ; 281 ; 308 ; 378 ; 383 ; 385 ; 411 ; 418 ; 431 ; 418 ; 397 ; 361 ; 317 ; 310 ; 317 ; 371 ; 381 ; 390 ; 427 ; 434 ; 420 ; 411 ; 398 ; 384 ; 333 ; 293 ; 258 ; 245 ; 239 ; 308 ; 340 ; 354 ; 348 ; 331 ; 314 ; 287 ; 270 ; 241 ; 324 ; 349 ; 347 ; 337 ; 355 ; 384 ; 421 ; 388 ; 374 ; 330 ; 224 ; 239 ; 296 ; 322 ; 331 ; 292 ; 336 ; 379 ; 358 ; 360 ; 359 ; 329 ; 252 ; 241 ; 296 ; 336 ; 308 ; 286 ; 309 ; 330 ; 324 ; 324 ; 319 ; 301 ; 254 ; 253 ; 291 ; 328 ; 332 ; 327 ; 366 ; 362 ; 357 ; 345 ; 325 ; 295 ; 211 ; 198 ; 269 ; 296 ; 297 ; 284 ; 305 ; 320 ; 319 ; 312 ; 315 ; 281 ; 246 ; 214 ; 280 ; 313 ; 343 ; 321 ; 336 ; 351 ; 329 ; 306 ; 316 ; 294 ; 218 ; 222 ; 276 ; 290 ; 315 ; 301 ; 351 ;384;377;385;400;377;334;317;390;413;409;361;428;449;329;331;316;258;188;175;224;262;268;262;290;301;290;290;256;245;171;143;200;246;259;238;260;235;165;142;145;190;204;205;243;269;306;289;314;304;334;304;336;297;274;227;245;233;252;222;275;290;275;236;248;215;150;132;148;179;179;181;222;228;224;211;217;195;153;144;140;177;196;174;217;255;256;255;252;230;183;165;199;208;234;235
Weiterbildung §;30; 36 ; 42 ; 57 ; 67 ; 67 ; 50 ; 35 ; 47 ; 59 ; 67 ; 72 ; 43 ; 37 ; 42 ; 47 ; 51 ; 56 ; 60 ; 52 ; 51 ; 72 ; 55 ; 68 ; 47 ; 63 ; 62 ; 67 ; 56 ; 53 ; 43 ; 28 ; 127 ; 149 ; 151 ; 147 ; 106 ; 126 ; 136 ; 128 ; 117 ; 118 ; 92 ; 75 ; 89 ; 96 ; 108 ; 122 ; 110 ; 132 ; 127 ; 118 ; 100 ; 118 ; 118 ; 93 ; 106 ; 103 ; 88 ; 75 ; 66 ; 84 ; 80 ; 102 ; 102 ; 110 ; 105 ; 76 ; 100 ; 100 ; 102 ; 107 ; 90 ; 95 ; 92 ; 101 ; 105 ; 94 ; 91 ; 87 ; 111 ; 131 ; 115 ; 108 ; 100 ; 123 ; 132 ; 148 ; 126 ; 119 ; 113 ; 90 ; 121 ; 121 ; 117 ; 124 ; 104 ; 145 ; 141 ; 113 ; 126 ; 125 ; 105 ; 95 ; 103 ; 102 ; 126 ; 114 ; 96 ; 109 ; 118 ; 144 ; 155 ; 134 ; 125 ; 99 ; 115 ; 121 ; 125 ; 124 ; 106 ; 125 ; 121 ; 113 ; 103 ; 110 ; 106 ; 83 ; 84 ; 81 ; 83 ; 89 ; 84 ; 104 ; 124 ; 154 ; 125 ; 137 ; 138 ; 111 ; 117 ; 130 ; 157 ; 185 ; 150 ; 178 ; 184 ; 182 ; 168 ; 209 ; 210 ; 172 ; 201 ; 179 ; 197 ; 199 ; 150 ; 185 ;196;202;171;167;161;141;143;151;152;152;133;190;189;0;0;0;0;0;3;3;8;7;5;4;5;4;4;5;6;1;2;3;6;4;1;3;9;14;4;5;6;9;11;14;10;12;9;9;9;10;14;11;10;3;2;2;5;9;5;10;9;4;3;1;1;0;0;0;4;4;4;8;7;2;6;7;4;6;7;5;5;6;5;6;2;4;4;5;3;3;9;9;8;7;7
übrige nicht AL SteSu;31; 443 ; 491 ; 476 ; 480 ; 463 ; 446 ; 418 ; 451 ; 475 ; 448 ; 416 ; 381 ; 459 ; 474 ; 460 ; 478 ; 474 ; 458 ; 458 ; 467 ; 476 ; 510 ; 483 ; 479 ; 435 ; 429 ; 454 ; 428 ; 424 ; 444 ; 418 ; 430 ; 448 ; 449 ; 370 ; 446 ; 407 ; 429 ; 440 ; 442 ; 401 ; 410 ; 381 ; 395 ; 372 ; 342 ; 343 ; 375 ; 377 ; 373 ; 360 ; 331 ; 321 ; 343 ; 300 ; 288 ; 309 ; 294 ; 278 ; 262 ; 277 ; 286 ; 297 ; 310 ; 311 ; 308 ; 304 ; 315 ; 350 ; 329 ; 329 ; 325 ; 325 ; 327 ; 348 ; 338 ; 348 ; 355 ; 353 ; 390 ; 367 ; 346 ; 346 ; 347 ; 349 ; 328 ; 327 ; 321 ; 321 ; 334 ; 348 ; 342 ; 405 ; 459 ; 535 ; 592 ; 542 ; 500 ; 509 ; 511 ; 506 ; 525 ; 556 ; 486 ; 474 ; 540 ; 573 ; 580 ; 525 ; 515 ; 545 ; 525 ; 519 ; 531 ; 564 ; 500 ; 516 ; 561 ; 608 ; 587 ; 501 ; 495 ; 515 ; 518 ; 489 ; 497 ; 549 ; 445 ; 437 ; 421 ; 497 ; 476 ; 447 ; 449 ; 503 ; 540 ; 545 ; 595 ; 610 ; 513 ; 565 ; 618 ; 642 ; 595 ; 545 ; 596 ; 628 ; 651 ; 598 ; 677 ; 727 ; 647 ; 651 ; 679 ; 749 ; 732 ; 676 ;654;749;645;638;684;703;590;649;631;711;660;615;631;647;770;907;847;1030;980;999;1132;1306;1307;1214;1161;1174;1166;1224;1216;1274;1168;1162;1166;1279;1277;1095;978;1083;1098;1105;1228;1381;1139;1166;1252;1397;1415;1240;1157;1208;1187;1137;1130;1098;1011;1093;1126;1254;1202;1019;1024;1057;953;944;984;971;785;911;962;1040;971;920;901;919;874;833;932;1026;927;922;1004;1160;1038;1003;1095;1105;1144;1131;1209;1242;1070;1100;1217;1368;1420
Arbeitslos;32; 5'327 ; 5'242 ; 5'037 ; 4'785 ; 4'560 ; 4'413 ; 4'462 ; 4'648 ; 4'506 ; 4'333 ; 4'333 ; 4'803 ; 4'848 ; 4'877 ; 4'741 ; 4'473 ; 4'368 ; 4'228 ; 4'253 ; 4'360 ; 4'372 ; 4'312 ; 4'362 ; 4'457 ; 4'597 ; 4'487 ; 4'306 ; 4'096 ; 3'837 ; 3'660 ; 3'676 ; 3'641 ; 3'606 ; 3'501 ; 3'444 ; 3'634 ; 3'711 ; 3'602 ; 3'441 ; 3'233 ; 3'182 ; 3'050 ; 3'116 ; 3'191 ; 3'039 ; 2'978 ; 3'104 ; 3'253 ; 3'309 ; 3'120 ; 3'019 ; 3'063 ; 2'779 ; 2'630 ; 2'763 ; 2'804 ; 2'824 ; 2'888 ; 3'176 ; 3'651 ; 4'040 ; 4'313 ; 4'534 ; 4'654 ; 4'767 ; 5'176 ; 5'403 ; 5'488 ; 5'550 ; 5'659 ; 5'783 ; 6'132 ; 6'111 ; 6'002 ; 5'755 ; 5'399 ; 5'103 ; 4'856 ; 4'752 ; 4'671 ; 4'288 ; 4'298 ; 4'178 ; 4'374 ; 4'377 ; 4'146 ; 3'860 ; 3'495 ; 3'109 ; 3'070 ; 3'043 ; 3'222 ; 3'104 ; 3'081 ; 3'266 ; 3'568 ; 3'631 ; 3'646 ; 3'422 ; 3'306 ; 3'231 ; 3'177 ; 3'264 ; 3'446 ; 3'428 ; 3'501 ; 3'817 ; 4'203 ; 4'444 ; 4'397 ; 4'132 ; 3'934 ; 3'810 ; 3'651 ; 3'673 ; 3'683 ; 3'542 ; 3'593 ; 3'756 ; 3'998 ; 4'025 ; 3'985 ; 3'819 ; 3'635 ; 3'475 ; 3'375 ; 3'386 ; 3'359 ; 3'292 ; 3'258 ; 3'351 ; 3'728 ; 3'778 ; 3'788 ; 3'719 ; 3'685 ; 3'562 ; 3'589 ; 3'753 ; 3'891 ; 3'805 ; 3'853 ; 4'107 ; 4'601 ; 4'632 ; 4'554 ; 4'450 ; 4'281 ; 4'189 ; 4'013 ; 3'963 ; 4'182 ; 4'220 ; 4'232 ; 4'380 ; 4'679 ; 4'744 ;4'602;4'420;4'281;4'074;3'860;3'900;3'953;3'801;3782;3869;4193;4160;4052;4095;3633;3265;3088;2991;3048;2996;2865;2885;3113;3218;3133;2977;2744;2610;2531;2540;2629;2683;2761;2900;3199;3405;3408;3858;4304;4446;4366;4393;4675;4581;4558;4560;4951;5246;5243;4877;4672;4432;4215;4085;4077;3875;3741;3780;4023;4081;4008;3762;3574;3267;3068;3069;3087;2878;2787;2814;3074;3149;3107;2984;2870;2792;2642;2731;2855;2817;2815;2963;3295;3460;3368;3306;3259;3282;3315;3486;3623;3711;3822;3984;4343
;;;;;;;;;;;;;;;;;;;;;;;;;;;;;;;;;;;;;;;;;;;;;;;;;;;;;;;;;;;;;;;;;;;;;;;;;;;;;;;;;;;;;;;;;;;;;;;;;;;;;;;;;;;;;;;;;;;;;;;;;;;;;;;;;;;;;;;;;;;;;;;;;;;;;;;;;;;;;;;;;;;;;;;;;;;;;;;;;;;;;;;;;;;;;;;;;;;;;;;;;;;;;;;;;;;;;;;;;;;;;;;;;;;  ;;;;;;;;;;;;;;;;;;;;;;;;;;
Aussteuerungen;33;;;;;;;;;;;;;;;;;;;;;;;;;;;;;;;;;;;;;;;;;;;;;;;;;;;;;;;;;;;;; 70 ; 38 ; 41 ; 44 ; 35 ; 43 ; 66 ; 60 ; 72 ; 61 ; 61 ; 101 ; 79 ; 62 ; 90 ; 89 ; 63 ; 80 ; 81 ; 98 ; 67 ; 80 ; 104 ; 117 ; 85 ; 78 ; 469 ; 114 ; 97 ; 128 ; 90 ; 89 ; 94 ; 71 ; 84 ; 92 ; 80 ; 86 ; 81 ; 69 ; 80 ; 91 ; 83 ; 81 ; 60 ; 66 ; 87 ; 96 ; 76 ; 76 ; 96 ; 94 ; 111 ; 94 ; 91 ; 96 ; 71 ; 97 ; 81 ; 86 ; 108 ; 79 ; 67 ; 90 ; 98 ; 93 ; 84 ; 71 ; 75 ; 83 ; 87 ; 109 ; 91 ; 82 ; 86 ; 86 ; 88 ; 94 ; 91 ; 65 ; 87 ; 94 ; 75 ; 114 ; 86 ; 119 ; 110 ; 96 ; 119 ; 113 ; 83 ; 108 ; 88 ; 113 ; 89 ; 124 ; 97 ;118;125;114;131;128;98;119;109;68;112;116;116;76;75;96;119;102;98;89;76;85;74;73;93;78;73;103;72;76;88;71;49;85;74;83;80;54;0;0;0;0;0;12;44;59;70;65;102;82;0;2;1;70;79;48;81;84;94;81;66;52;89;88;75;97;97;90;92;62;216;82;58;73;94;76;125;57;40;73;59;56;65;42;83;53;74;60;72;60;83;84;60;88;;
;;;;;;;;;;;;;;;;;;;;;;;;;;;;;;;;;;;;;;;;;;;;;;;;;;;;;;;;;;;;;;;;;;;;;;;;;;;;;;;;;;;;;;;;;;;;;;;;;;;;;;;;;;;;;;;;;;;;;;;;;;;;;;;;;;;;;;;;;;;;;;;;;;;;;;;;;;;;;;;;;;;;;;;;;;;;;;;;;;;;;;;;;;;;;;;;;;;;;;;;;;;;;;;;;;;;;;;;;;;;;;;;;;;;;;;;;;;;;;;;;;;;;;;;;;;;;
Dauer der Stellensuche;;;;;;;;;;;;;;;;;;;;;;;;;;;;;;;;;;;;;;;;;;;;;;;;;;;;;;;;;;;;;;;;;;;;;;;;;;;;;;;;;;;;;;;;;;;;;;;;;;;;;;;;;;;;;;;;;;;;;;;;;;;;;;;;;;;;;;;;;;;;;;;;;;;;;;;;;;;;;;;;;;;;;;;;;;;;;;;;;;;;;;;;;;;;;;;;;;;;;;;;;;;;;;;;;;;;;;;;;;;;;;;;;;;;;;;;;;;;;;;;;;;;;;;;;;;;;
bis 3 Mt;34; 2'076 ; 1'912 ; 1'856 ; 1'755 ; 1'560 ; 1'532 ; 1'734 ; 1'950 ; 1'971 ; 1'874 ; 1'918 ; 2'011 ; 2'032 ; 1'938 ; 1'865 ; 1'800 ; 1'642 ; 1'666 ; 1'724 ; 1'957 ; 2'029 ; 1'900 ; 1'881 ; 1'809 ; 1'848 ; 1'739 ; 1'804 ; 1'606 ; 1'487 ; 1'405 ; 1'500 ; 1'606 ; 1'770 ; 1'699 ; 1'608 ; 1'552 ; 1'669 ; 1'616 ; 1'610 ; 1'443 ; 1'379 ; 1'376 ; 1'459 ; 1'687 ; 1'566 ; 1'557 ; 1'547 ; 1'553 ; 1'613 ; 1'494 ; 1'442 ; 1'466 ; 1'305 ; 1'198 ; 1'349 ; 1'457 ; 1'577 ; 1'676 ; 1'819 ; 2'089 ; 2'376 ; 2'325 ; 2'378 ; 2'185 ; 2'167 ; 2'126 ; 2'285 ; 2'383 ; 2'362 ; 2'339 ; 2'327 ; 2'363 ; 2'292 ; 2'130 ; 1'993 ; 1'803 ; 1'577 ; 1'439 ; 1'620 ; 1'746 ; 1'717 ; 1'740 ; 1'668 ; 1'751 ; 1'791 ; 1'656 ; 1'573 ; 1'428 ; 1'372 ; 1'418 ; 1'480 ; 1'663 ; 1'777 ; 1'794 ; 1'929 ; 1'992 ; 1'954 ; 1'771 ; 1'612 ; 1'535 ; 1'461 ; 1'502 ; 1'614 ; 1'798 ; 1'841 ; 1'909 ; 2'123 ; 2'094 ; 2'171 ; 1'918 ; 1'787 ; 1'693 ; 1'636 ; 1'690 ; 1'816 ; 1'868 ; 1'733 ; 1'864 ; 2'089 ; 2'050 ; 2'027 ; 1'811 ; 1'797 ; 1'690 ; 1'595 ; 1'534 ; 1'672 ; 1'742 ; 1'721 ; 1'787 ; 1'854 ; 1'981 ; 2'029 ; 1'917 ; 1'974 ; 1'972 ; 1'832 ; 1'812 ; 2'015 ; 2'084 ; 2'088 ; 2'226 ; 2'414 ; 2'403 ; 2'267 ; 2'034 ; 2'067 ; 2'008 ; 1'875 ; 1'954 ; 1'955 ; 2'097 ; 2'147 ; 2'169 ; 2'281 ; 2'357 ;2'306;2'107;2'181;1'933;1'806;1'790;1'980;2'020;2'114;2017;2131;2106;2143;1967;1948;1758;1580;1605;1766;1894;1937;2014;2195;2100;2013;1887;1910;1811;1764;1667;1743;1855;1948;2091;2252;2223;2197;1936;2402;2612;2550;2277;2355;2396;2270;2324;2441;2433;2323;2087;2005;1816;1701;1607;1602;1666;1718;1856;2047;2058;1974;1859;1802;1646;1469;1423;1494;1515;1590;1717;1515;1916;1884;1883;1818;1678;1533;1608;1706;1750;1788;1864;2155;2122;2191;2030;2042;1960;1930;1992;2049;2081;2164;2329;2573;2554
3 bis 6 Mt;35; 1'836 ; 1'852 ; 1'669 ; 1'557 ; 1'477 ; 1'462 ; 1'294 ; 1'276 ; 1'281 ; 1'337 ; 1'503 ; 1'553 ; 1'541 ; 1'551 ; 1'512 ; 1'426 ; 1'411 ; 1'386 ; 1'347 ; 1'235 ; 1'288 ; 1'363 ; 1'509 ; 1'556 ; 1'529 ; 1'449 ; 1'320 ; 1'327 ; 1'225 ; 1'243 ; 1'145 ; 1'136 ; 1'018 ; 1'063 ; 1'210 ; 1'326 ; 1'294 ; 1'234 ; 1'082 ; 1'142 ; 1'108 ; 1'076 ; 1'004 ; 998 ; 1'000 ; 989 ; 1'137 ; 1'139 ; 1'176 ; 1'124 ; 1'054 ; 1'042 ; 983 ; 1'017 ; 886 ; 806 ; 820 ; 893 ; 1'032 ; 1'156 ; 1'227 ; 1'407 ; 1'553 ; 1'798 ; 1'645 ; 1'860 ; 1'693 ; 1'567 ; 1'508 ; 1'555 ; 1'678 ; 1'747 ; 1'711 ; 1'700 ; 1'636 ; 1'564 ; 1'401 ; 1'351 ; 1'155 ; 1'059 ; 1'050 ; 1'073 ; 1'206 ; 1'246 ; 1'202 ; 1'168 ; 1'136 ; 1'053 ; 963 ; 982 ; 881 ; 879 ; 915 ; 990 ; 1'172 ; 1'284 ; 1'357 ; 1'465 ; 1'362 ; 1'305 ; 1'169 ; 1'099 ; 1'026 ; 1'020 ; 1'003 ; 1'138 ; 1'260 ; 1'434 ; 1'504 ; 1'649 ; 1'488 ; 1'415 ; 1'249 ; 1'158 ; 1'117 ; 1'070 ; 1'176 ; 1'205 ; 1'194 ; 1'273 ; 1'297 ; 1'447 ; 1'288 ; 1'218 ; 1'105 ; 1'165 ; 1'100 ; 994 ; 1'010 ; 1'032 ; 1'089 ; 1'176 ; 1'204 ; 1'306 ; 1'318 ; 1'306 ; 1'221 ; 1'332 ; 1'280 ; 1'230 ; 1'246 ; 1'272 ; 1'397 ; 1'547 ; 1'619 ; 1'789 ; 1'587 ; 1'438 ; 1'354 ; 1'350 ; 1'290 ; 1'272 ; 1'350 ; 1'293 ; 1'389 ; 1'415 ;1'511;1'591;1'483;1'422;1'379;1'324;1'223;1'150;1'116;1215;1311;1412;1372;1451;1324;1308;1200;1149;1044;1007;1006;1077;1152;1308;1364;1400;1264;1189;1121;1153;1110;1013;1019;1070;1143;1301;1400;1434;1376;1472;1404;1770;1765;1649;1520;1503;1595;1662;1681;1764;1653;1602;1368;1309;1167;1075;1054;954;1059;1167;1301;1374;1290;1189;1122;1097;972;895;807;826;895;951;1083;1141;1120;1063;1086;1071;1018;968;916;1009;1083;1151;1220;1401;1314;1351;1255;1271;1279;1206;1296;1305;1344;1496
6 bis 9 Mt;36; 1'076 ; 1'180 ; 1'259 ; 1'248 ; 1'199 ; 1'057 ; 1'022 ; 981 ; 988 ; 848 ; 835 ; 855 ; 936 ; 1'095 ; 1'107 ; 1'043 ; 1'040 ; 1'022 ; 976 ; 935 ; 892 ; 923 ; 859 ; 924 ; 965 ; 1'069 ; 1'089 ; 1'019 ; 943 ; 842 ; 836 ; 763 ; 756 ; 693 ; 671 ; 689 ; 706 ; 832 ; 865 ; 829 ; 787 ; 677 ; 731 ; 645 ; 692 ; 626 ; 586 ; 668 ; 693 ; 748 ; 734 ; 720 ; 657 ; 596 ; 623 ; 615 ; 622 ; 523 ; 488 ; 524 ; 587 ; 728 ; 806 ; 897 ; 1'047 ; 1'147 ; 1'276 ; 1'214 ; 1'372 ; 1'178 ; 1'112 ; 1'126 ; 1'154 ; 1'199 ; 1'216 ; 1'138 ; 1'187 ; 1'080 ; 1'004 ; 930 ; 884 ; 741 ; 654 ; 698 ; 724 ; 799 ; 807 ; 733 ; 698 ; 640 ; 644 ; 591 ; 563 ; 554 ; 551 ; 603 ; 684 ; 817 ; 866 ; 893 ; 942 ; 848 ; 840 ; 725 ; 707 ; 686 ; 663 ; 744 ; 815 ; 896 ; 958 ; 974 ; 1'018 ; 888 ; 907 ; 779 ; 784 ; 768 ; 748 ; 820 ; 795 ; 784 ; 800 ; 840 ; 896 ; 819 ; 792 ; 679 ; 729 ; 674 ; 661 ; 716 ; 708 ; 758 ; 771 ; 822 ; 885 ; 866 ; 840 ; 822 ; 880 ; 805 ; 836 ; 896 ; 915 ; 997 ; 1'056 ; 1'103 ; 1'153 ; 1'045 ; 964 ; 908 ; 847 ; 910 ; 915 ; 953 ;920;969;953;998;1'021;962;964;922;893;798;773;803;877;925;947;918;981;847;854;738;738;691;655;696;763;796;829;848;842;761;759;677;728;697;695;735;718;782;894;1023;1122;1071;1120;1041;1284;1165;1171;1139;1135;1202;1226;1207;1277;1160;1058;894;840;768;701;718;651;726;783;824;865;802;790;729;670;572;729;515;523;552;606;669;732;665;698;694;663;625;598;647;701;748;778;823;938;886;925;864;845;845;822;942
9 bis 12 Mt;37; 825 ; 817 ; 782 ; 835 ; 964 ; 969 ; 950 ; 915 ; 781 ; 780 ; 729 ; 740 ; 712 ; 691 ; 653 ; 737 ; 892 ; 858 ; 859 ; 808 ; 757 ; 759 ; 725 ; 717 ; 701 ; 700 ; 692 ; 730 ; 810 ; 800 ; 743 ; 682 ; 579 ; 618 ; 564 ; 581 ; 541 ; 525 ; 512 ; 547 ; 605 ; 635 ; 599 ; 524 ; 458 ; 489 ; 467 ; 514 ; 455 ; 425 ; 490 ; 502 ; 553 ; 550 ; 480 ; 468 ; 432 ; 451 ; 448 ; 454 ; 405 ; 385 ; 425 ; 464 ; 584 ; 671 ; 739 ; 904 ; 907 ; 1'073 ; 1'063 ; 1'109 ; 1'014 ; 943 ; 908 ; 900 ; 955 ; 927 ; 938 ; 919 ; 784 ; 804 ; 731 ; 654 ; 599 ; 526 ; 508 ; 523 ; 547 ; 519 ; 488 ; 500 ; 443 ; 467 ; 439 ; 468 ; 437 ; 421 ; 457 ; 514 ; 573 ; 633 ; 677 ; 683 ; 651 ; 620 ; 560 ; 588 ; 555 ; 546 ; 601 ; 607 ; 670 ; 722 ; 701 ; 763 ; 694 ; 654 ; 603 ; 617 ; 589 ; 597 ; 627 ; 612 ; 597 ; 610 ; 574 ; 646 ; 561 ; 514 ; 541 ; 566 ; 529 ; 514 ; 543 ; 540 ; 600 ; 597 ; 611 ; 679 ; 647 ; 663 ; 659 ; 685 ; 699 ; 714 ; 684 ; 728 ; 794 ; 761 ; 843 ; 871 ; 809 ; 796 ; 716 ; 727 ;751;749;749;729;738;725;764;743;714;723;690;720;668;654;646;678;687;707;686;728;629;622;575;586;544;505;517;561;581;620;616;624;543;528;503;558;552;545;560;570;707;792;875;967;865;933;912;1048;1026;1008;927;922;975;970;964;970;827;777;716;661;638;575;509;483;532;543;610;617;566;550;617;488;429;400;374;401;404;449;495;507;508;521;501;522;465;445;492;541;572;614;641;721;704;676;652;696
>12 Mt;38; 1'854 ; 1'914 ; 1'951 ; 1'974 ; 1'940 ; 1'990 ; 2'029 ; 2'091 ; 2'092 ; 2'072 ; 2'116 ; 2'124 ; 2'096 ; 2'123 ; 2'098 ; 2'057 ; 2'057 ; 2'025 ; 2'045 ; 2'063 ; 1'983 ; 2'009 ; 2'038 ; 2'034 ; 2'032 ; 1'996 ; 1'977 ; 1'975 ; 1'931 ; 1'953 ; 1'967 ; 1'951 ; 1'918 ; 1'828 ; 1'791 ; 1'789 ; 1'730 ; 1'699 ; 1'682 ; 1'604 ; 1'571 ; 1'556 ; 1'532 ; 1'455 ; 1'422 ; 1'397 ; 1'394 ; 1'389 ; 1'394 ; 1'327 ; 1'306 ; 1'259 ; 1'230 ; 1'193 ; 1'228 ; 1'197 ; 1'166 ; 1'137 ; 1'117 ; 1'132 ; 1'167 ; 1'180 ; 1'190 ; 1'204 ; 1'238 ; 1'311 ; 1'345 ; 1'398 ; 1'438 ; 1'526 ; 1'668 ; 1'858 ; 2'015 ; 2'143 ; 2'301 ; 2'306 ; 2'337 ; 2'425 ; 2'416 ; 2'397 ; 2'373 ; 2'350 ; 2'336 ; 2'344 ; 2'271 ; 2'200 ; 2'112 ; 1'874 ; 1'671 ; 1'602 ; 1'474 ; 1'448 ; 1'368 ; 1'305 ; 1'302 ; 1'291 ; 1'276 ; 1'241 ; 1'219 ; 1'198 ; 1'199 ; 1'217 ; 1'195 ; 1'247 ; 1'276 ; 1'303 ; 1'392 ; 1'450 ; 1'475 ; 1'475 ; 1'461 ; 1'463 ; 1'406 ; 1'411 ; 1'362 ; 1'346 ; 1'348 ; 1'406 ; 1'430 ; 1'435 ; 1'446 ; 1'421 ; 1'411 ; 1'412 ; 1'409 ; 1'411 ; 1'373 ; 1'279 ; 1'269 ; 1'275 ; 1'292 ; 1'284 ; 1'256 ; 1'277 ; 1'272 ; 1'257 ; 1'246 ; 1'268 ; 1'303 ; 1'265 ; 1'280 ; 1'319 ; 1'369 ; 1'440 ; 1'454 ; 1'468 ; 1'521 ; 1'521 ; 1'551 ; 1'562 ; 1'562 ; 1'596 ; 1'659 ; 1'716 ; 1'798 ; 1'820 ;1'821;1'844;1'811;1'838;1'862;1'869;1'815;1'822;1'791;1807;1836;1806;1785;1762;1799;1762;1706;1556;1530;1462;1468;1421;1435;1440;1423;1396;1366;1306;1272;1274;1272;1221;1223;1225;1250;1242;1228;1247;1300;1372;1468;1575;1672;1770;1902;2022;2143;2277;2409;2465;2633;2725;2798;2852;2891;2842;2831;2778;2770;2734;2644;2585;2514;2395;2273;2150;1977;1901;1789;1728;1901;1596;1523;1471;1397;1299;1246;1127;1091;1079;1061;1071;1071;1089;1114;1116;1101;1089;1100;1098;1141;1137;1164;1250;1347;1357
;;;;;;;;;;;;;;;;;;;;;;;;;;;;;;;;;;;;;;;;;;;;;;;;;;;;;;;;;;;;;;;;;;;;;;;;;;;;;;;;;;;;;;;;;;;;;;;;;;;;;;;;;;;;;;;;;;;;;;;;;;;;;;;;;;;;;;;;;;;;;;;;;;;;;;;;;;;;;;;;;;;;;;;;;;;;;;;;;;;;;;;;;;;;;;;;;;;;;;;;;;;;;;;;;;;;;;;;;;;;;;;;;;;;;;;;;;;;;;;;;;;;;;;;;;;;;
Offene Stellen;;;;;;;;;;;;;;;;;;;;;;;;;;;;;;;;;;;;;;;;;;;;;;;;;;;;;;;;;;;;;;;;;;;;;;;;;;;;;;;;;;;;;;;;;;;;;;;;;;;;;;;;;;;;;;;;;;;;;;;;;;;;;;;;;;;;;;;;;;;;;;;;;;;;;;;;;;;;;;;;;;;;;;;;;;;;;;;;;;;;;;;;;;;;;;;;;;;;;;;;;;;;;;;;;;;;;;;;;;;;;;;;;;;;;;;;;;;;;;;;;;;;;;;;;;;;;
Zugänge;39; 200 ; 150 ; 177 ; 133 ; 167 ; 144 ; 160 ; 141 ; 144 ; 197 ; 232 ; 99 ; 158 ; 202 ; 195 ; 185 ; 150 ; 173 ; 167 ; 204 ; 295 ; 162 ; 152 ; 105 ; 179 ; 240 ; 218 ; 129 ; 210 ; 163 ; 168 ; 159 ; 188 ; 187 ;; 133 ; 217 ; 223 ; 263 ; 207 ; 236 ; 229 ; 224 ; 187 ; 152 ; 221 ; 206 ; 113 ; 191 ; 198 ; 197 ; 294 ; 184 ; 239 ; 186 ; 179 ; 245 ; 165 ; 119 ; 102 ; 177 ; 195 ; 352 ; 145 ; 167 ; 100 ; 141 ; 167 ; 160 ; 166 ; 181 ; 126 ; 189 ; 177 ; 237 ; 268 ; 205 ; 245 ; 223 ; 214 ; 176 ; 218 ; 186 ; 138 ; 208 ; 275 ; 275 ; 207 ; 232 ; 198 ; 227 ; 185 ; 186 ; 152 ; 173 ; 111 ; 209 ; 232 ; 209 ; 163 ; 233 ; 212 ; 172 ; 135 ; 158 ; 169 ; 154 ; 104 ; 171 ; 171 ; 184 ; 154 ; 189 ; 205 ; 156 ; 149 ; 167 ; 156 ; 129 ; 102 ; 197 ; 129 ; 181 ; 194 ; 161 ; 182 ; 184 ; 142 ; 131 ; 138 ; 116 ; 86 ; 185 ; 141 ; 153 ; 135 ; 128 ; 177 ; 130 ; 110 ; 105 ; 100 ; 97 ; 54 ; 177 ; 105 ; 107 ; 84 ;111;111; 118 ;106; 139 ;124;94; 74 ; 142 ;127;157;132;132;133;142;134;151;145;135;89;181;167;169;200;194;298;800;776;604;540;686;413;739;589;745;662;760;838;798;710;779;724;735;593;1092;644;1023;573;568;942;944;814;1047;1425;995;734;1211;1017;1323;1111;1435;1681;1502;1451;1265;1304;1332;858;1488;1388;1706;1464;1998;1518;1795;1777;1833;1856;1478;1278;1414;1568;2176;1214;1882;1973;1542;1647;1731;1642;1257;1027;1884;1786;1718;1431;1566;1026;1278;1247;1489;1469;1503;938
Abgänge;40; 142 ; 98 ; 184 ; 172 ; 140 ; 159 ; 178 ; 143 ; 156 ; 182 ; 140 ; 158 ; 143 ; 267 ; 137 ; 192 ; 176 ; 173 ; 176 ; 165 ; 172 ; 177 ; 283 ; 195 ; 114 ; 124 ; 201 ; 230 ; 205 ; 140 ; 204 ; 157 ; 171 ; 168 ;; 143 ; 187 ; 171 ; 207 ; 230 ; 221 ; 276 ; 230 ; 192 ; 166 ; 202 ; 207 ; 157 ; 168 ; 144 ; 207 ; 272 ; 203 ; 233 ; 171 ; 220 ; 190 ; 210 ; 221 ; 124 ; 147 ; 116 ; 411 ; 167 ; 132 ; 50 ; 118 ; 211 ; 151 ; 183 ; 169 ; 155 ; 183 ; 142 ; 228 ; 204 ; 212 ; 260 ; 206 ; 218 ; 236 ; 208 ; 184 ; 145 ; 183 ; 180 ; 246 ; 245 ; 254 ; 243 ; 237 ; 201 ; 185 ; 198 ; 188 ; 140 ; 144 ; 137 ; 302 ; 206 ; 171 ; 209 ; 232 ; 191 ; 146 ; 167 ; 139 ; 106 ; 182 ; 138 ; 177 ; 159 ; 185 ; 156 ; 221 ; 156 ; 144 ; 180 ; 144 ; 108 ; 163 ; 111 ; 159 ; 158 ; 185 ; 180 ; 213 ; 158 ; 149 ; 156 ; 143 ; 115 ; 130 ; 119 ; 170 ; 142 ; 114 ; 132 ; 191 ; 136 ; 115 ; 128 ; 96 ; 71 ; 92 ; 109 ; 149 ; 103 ;98;97; 96 ;128; 103 ;142;117; 87 ; 108 ;116;137;133;145;147;108;151;112;176;131;101;132;139;166;171;176;197;402;757;701;711;492;581;554;610;625;781;688;677;871;844;757;812;615;697;771;915;949;863;535;655;964;810;954;1081;1099;997;993;1012;1158;1184;1139;1547;1601;1391;1499;1484;1177;1134;1179;1153;1313;1644;1829;1545;1689;1649;1735;1888;1922;1352;1672;1160;1699;1845;1528;1836;1937;1784;1436;1773;1651;1091;1388;1696;1741;1804;1441;1294;1282;1201;1082;1749;1409;1254
;;;;;;;;;;;;;;;;;;;;;;;;;;;;;;;;;;;;;;;;;;;;;;;;;;;;;;;;;;;;;;;;;;;;;;;;;;;;;;;;;;;;;;;;;;;;;;;;;;;;;;;;;;;;;;;;;;;;;;;;;;;;;;;;;;;;;;;;;;;;;;;;;;;;;;;;;;;;;;;;;;;;;;;;;;;;;;;;;;;;;;;;;;;;;;;;;;;;;;;;;;;;;;;;;;;;;;;;;;;;;;;;;;;;;;;;;;;;;;;;;;;;;;;;;;;;;
Kurzarbeitsentschädigung;;;;;;;;;;;;;;;;;;;;;;;;;;;;;;;;;;;;;;;;;;;;;;;;;;;;;;;;;;;;;;;;;;;;;;;;;;;;;;;;;;;;;;;;;;;;;;;;;;;;;;;;;;;;;;;;;;;;;;;;;;;;;;;;;;;;;;;;;;;;;;;;;;;;;;;;;;;;;;;;;;;;;;;;;;;;;;;;;;;;;;;;;;;;;;;;;;;;;;;;;;;;;;;;;;;;;;;;;;;;;;;;;;;;;;;;;;;;;;;;;;;;;;;;;;;;;
Anzahl Ausfallstunden;41; 13'544 ; 15'359 ; 14'229 ; 6'947 ; 6'476 ; 5'643 ; 3'004 ; 2'457 ; 2'066 ; 2'847 ; 14'752 ; 1'661 ; 3'452 ; 8'631 ; 13'094 ; 9'688 ; 2'617 ; 6'878 ; 1'297 ; 971 ; 2'014 ; 1'240 ; 1'333 ; -   ; 136 ; 573 ; 72 ; 259 ;;;;;; 118 ; 308 ; 264 ; 142 ; 328 ; 1'048 ; 922 ; 684 ; 636 ; 572 ; 316 ; 284 ; 490 ;; -   ;;;; -   ; 58 ; 2'765 ; 3'182 ; 3'520 ; 2'233 ; 2'260 ; 9'747 ; 45'419 ; 84'050 ; 145'888 ; 261'527 ; 297'951 ; 268'604 ; 254'279 ; 152'117 ; 171'666 ; 185'236 ; 168'876 ; 139'986 ; 104'707 ; 93'816 ; 74'127 ; 55'975 ; 38'134 ; 22'470 ; 17'543 ; 19'936 ; 17'064 ; 12'740 ; 16'143 ; 9'784 ; 7'463 ; 8'363 ; 12'274 ; 5'443 ; 7'101 ; 14'135 ; 15'387 ; 16'339 ; 11'547 ; 17'339 ; 11'468 ; 10'516 ; 5'470 ; 10'941 ; 17'504 ; 17'216 ; 13'821 ; 11'179 ; 23'218 ; 11'295 ; 14'708 ; 23'545 ; 29'053 ; 48'926 ; 39'729 ; 46'602 ; 26'994 ; 34'558 ; 27'961 ; 25'036 ; 25'752 ; 13'070 ; 9'821 ; 15'820 ; 11'778 ; 13'191 ; 10'953 ; 8'669 ; 4'319 ; 8'778 ; 3'766 ; 1'066 ; 3'373 ; 1'072 ; 5'188 ; 15'934 ; 8'383 ; 6'694 ; 3'934 ; 9'252 ; 7'793 ; 22'532 ; 16'005 ; 9'744 ; 9'685 ; 4'443 ; 4'863 ; 14'670 ; 21'553 ; 16'996 ; 21'611 ; 29'333 ; 27'105 ; 24'967 ; 23'719 ;23'023;26'208;13'236;12'427;17'337;18'287;21'131;14'070;10'363;10'588;9'260;11'487;8'944;8'970;4'375;780;3551;4584;4582;1394;3895;2540;4855;3709;2460;946;1060;97;252;8520;10384;10162;3'991;3'825;4'756;478;4'673;5'570;5'124;1'425;6'968;15'878;15'741;10'487;16'483;12'474;935'377;2'524'785;1'737'785;950'586;784'655;575'081;460'336;449'404;542'738;673'263;913'217;890'640;831'713;502'935;356'683;203'148;113'071;90'990;81'989;79'173;95'265;102'604;134'489;101'319;58'474;24'890;25'965;29'179;19'588;14'151;11'987;13'342;11761.54;26277.47;32'244;34'702;22'509;11'252;8'348;7'964;8'140;18'861;19'148;13'178;21'153;15'683;26'083;22'125;29'651;22'520;37'185;27'072;16'865;15'800;32'211;22'553;;
Anzahl Betriebsabteilungen ;42; 32 ; 31 ; 31 ; 20 ; 17 ; 15 ; 9 ; 8 ; 5 ; 8 ; 9 ; 6 ; 7 ; 9 ; 7 ; 9 ; 5 ; 5 ; 2 ; 2 ; 3 ; 2 ; 2 ;; 1 ; 3 ; 1 ; 1 ;;;;;; 1 ; 1 ; 1 ; 2 ; 3 ; 3 ; 3 ; 5 ; 4 ; 3 ; 1 ; 1 ; 2 ;; -   ;;;;; 1 ; 2 ; 3 ; 3 ; 3 ; 3 ; 10 ; 17 ; 48 ; 104 ; 172 ; 222 ; 245 ; 245 ; 192 ; 196 ; 211 ; 208 ; 201 ; 165 ; 151 ; 143 ; 127 ; 95 ; 71 ; 54 ; 42 ; 37 ; 39 ; 36 ; 31 ; 26 ; 27 ; 23 ; 16 ; 12 ; 9 ; 10 ; 15 ; 11 ; 12 ; 15 ; 21 ; 17 ; 23 ; 28 ; 33 ; 30 ; 25 ; 37 ; 24 ; 22 ; 30 ; 35 ; 40 ; 37 ; 45 ; 44 ; 48 ; 44 ; 34 ; 30 ; 14 ; 17 ; 18 ; 15 ; 21 ; 16 ; 9 ; 6 ; 11 ; 7 ; 3 ; 4 ; 3 ; 3 ; 11 ; 9 ; 11 ; 8 ; 15 ; 17 ; 29 ; 26 ; 22 ; 18 ; 14 ; 16 ; 21 ; 25 ; 28 ; 23 ; 30 ; 38 ; 38 ; 41 ;38;37; 32 ; 27 ; 30 ; 34 ; 37 ;29; 21 ;23;16;21;18;18;12;4;7;9;10;6;7;6;7;6;3;2;2;1;2;2;2;2;1;2;2;2;2;4;3;3;6;7;12;7;11;12;2'619;3'684;3'143;1'583;1'165;1'057;676;716;1'003;1'253;1'561;1'602;1'366;1'177;984;678;441;370;319;301;301;275;301;287;184;65;39;36;20;11;13;14;14;15;22;24;20;10;11;9;5;10;14;12;15;17;23;21;24;27;31;30;22;24;23;17;;
Anzahl Arbeitnehmer Betroffen;43; 246 ; 280 ; 205 ; 83 ; 60 ; 92 ; 57 ; 72 ; 34 ; 47 ; 224 ; 37 ; 52 ; 95 ; 218 ; 204 ; 69 ; 192 ; 40 ; 37 ; 53 ; 32 ; 12 ; -   ; 1 ; 15 ; 1 ; 6 ;;;;;; 2 ; 3 ; 3 ; 2 ; 6 ; 17 ; 17 ; 11 ; 8 ; 7 ; 4 ; 4 ; 6 ;; -   ;;;; -   ; 2 ; 46 ; 72 ; 75 ; 55 ; 50 ; 172 ; 528 ; 1'140 ; 2'097 ; 3'685 ; 5'062 ; 4'873 ; 4'627 ; 2'975 ; 3'195 ; 3'145 ; 2'961 ; 2'616 ; 2'091 ; 1'696 ; 1'366 ; 940 ; 691 ; 439 ; 314 ; 360 ; 303 ; 211 ; 282 ; 174 ; 124 ; 135 ; 223 ; 91 ; 229 ; 227 ; 257 ; 316 ; 173 ; 281 ; 206 ; 245 ; 112 ; 174 ; 291 ; 278 ; 332 ; 222 ; 488 ; 230 ; 292 ; 428 ; 500 ; 827 ; 660 ; 1'082 ; 671 ; 875 ; 691 ; 714 ; 738 ; 240 ; 227 ; 385 ; 303 ; 328 ; 224 ; 232 ; 100 ; 179 ; 88 ; 18 ; 67 ; 25 ; 156 ; 441 ; 229 ; 182 ; 76 ; 166 ; 130 ; 427 ; 515 ; 189 ; 144 ; 98 ; 86 ; 217 ; 421 ; 343 ; 427 ; 595 ; 534 ; 496 ; 460 ;555;542; 387 ; 320 ; 548 ; 370 ; 424 ;303; 179 ;243;169;261;188;188;120;15;68;71;88;28;87;54;97;61;36;10;10;3;5;155;154;205;152;152;143;12;146;161;147;28;205;298;384;201;291;263;23'771;33'416;28'170;16'054;13'625;10'678;7'907;7'856;9'782;12'437;15'006;15'153;12'794;8'332;6'217;4'292;2'227;1'709;1'437;1'408;1'647;1'847;2'290;1'953;1'046;521;459;503;329;255;251;236;226;435;611;466;520;221;155;146;139;300;287;262;514;399;529;475;595;458;681;558;325;347;536;368;;
;;;;;;;;;;;;;;;;;;;;;;;;;;;;;;;;;;;;;;;;;;;;;;;;;;;;;;;;;;;;;;;;;;;;;;;;;;;;;;;;;;;;;;;;;;;;;;;;;;;;;;;;;;;;;;;;;;;;;;;;;;;;;;;;;;;;;;;;;;;;;;;;;;;;;;;;;;;;;;;;;;;;;;;;;;;;;;;;;;;;;;;;;;;;;;;;;;;;;;;;;;;;;;;;;;;;;;;;;;;;;;;;;;;;;;;;;;;;;;;;;;;;;;;;;;;;;
Voranmeldungen total;44;;;;;;;;;;;;;;;;;;;;;;;;;;;;;;;;;;;;;;;;;;;;;;;;;;;;;;;;;;;;;;;;;;;;;;;;;;;;;;;;;;;;;;;;;;;;;;;;;;;;;;;;;;;;; 27 ; 23 ; 23 ; 28 ; 16 ; 23 ; 10 ; 9 ; 11 ; 25 ; 12 ; 12 ; 18 ; 9 ; 8 ; 5 ; 7 ; 3 ; 2 ; 2 ; 10 ; 11 ; 7 ; 7 ; 9 ; 30 ; 24 ; 9 ; 19 ; 11 ; 13 ; 11 ; 13 ; 15 ; 12 ; 24 ; 15 ; 23 ; 30 ; 20 ;8;22; 21 ; 12 ; 15 ; 19 ; 16 ;18;11;10;12;16;6;8;8;6;4;6;6;7;5;1;4;3;3;6;0;0;4;3;2;2;4;3;1;3;5;3;0;4;4;7;6;11;8;9;458;4226;495;284;875;4805;335;252;863;587;807;833;688;770;448;133;75;101;92;83;140;213;218;106;84;19;37;52;19;24;38;17;15;10;32;9;22;0;9;4;16;16;16;16;7;16;5;17;19;11;16;21;25;17;33;27;25;30
davon kein oder teilweise Einspruch;45;;;;;;;;;;;;;;;;;;;;;;;;;;;;;;;;;;;;;;;;;;;;;;;;;;;;;;;;;;;;;;;;;;;;;;;;;;;;;;;;;;;;;;;;;;;;;;;;;;;;;;;;;;;;; 21 ; 18 ; 22 ; 28 ; 15 ; 23 ; 10 ; 8 ; 11 ; 24 ; 10 ; 8 ; 15 ; 5 ; 4 ; 2 ; 6 ; 3 ; 2 ; 2 ; 9 ; 9 ; 7 ; 5 ; 7 ; 29 ; 23 ; 9 ; 19 ; 8 ; 13 ; 10 ; 12 ; 15 ; 11 ; 22 ; 15 ; 20 ; 28 ; 20 ;6;20; 20 ; 12 ; 15 ; 19 ; 15 ;17;10;7;11;16;6;8;6;6;3;6;3;5;4;1;3;2;1;4;0;0;4;1;0;1;1;1;1;1;3;2;0;4;3;6;3;9;7;8;447;4187;375;225;841;4783;313;233;834;548;789;808;665;736;438;125;68;90;71;78;135;201;205;92;66;11;24;42;13;21;23;7;7;10;23;6;9;0;9;4;16;16;16;16;7;16;5;17;19;11;13;17;21;15;30;23;19;29
Anzahl voraussichtlich betroffene Arbeitsplätze;46;;;;;;;;;;;;;;;;;;;;;;;;;;;;;;;;;;;;;;;;;;;;;;;;;;;;;;;;;;;;;;;;;;;;;;;;;;;;;;;;;;;;;;;;;;;;;;;;;;;;;;;;;;;;; 380 ; 416 ; 333 ; 887 ; 309 ; 499 ; 151 ; 394 ; 129 ; 692 ; 82 ; 146 ; 480 ; 41 ; 67 ; 83 ; 51 ; 60 ; 221 ; 50 ; 273 ; 346 ; 53 ; 53 ; 284 ; 590 ; 275 ; 95 ; 389 ; 144 ; 81 ; 214 ; 408 ; 129 ; 376 ; 385 ; 230 ; 224 ; 464 ; 227 ;119;330; 619 ; 174 ;113;319;214;263;158;71;160;230;68;81;38;68;54;54;9;177;51;1;14;29;31;16;0;0;235;4;0;155;64;4;11;146;80;28;0;74;169;256;66;264;86;172;3455;42457;4885;5523;11643;47990;3587;2432;13170;6883;7464;14273;4904;8168;4076;1014;502;805;1261;790;1103;2204;2775;870;516;251;470;405;87;926;842;55;249;282;709;302;129;0;151;161;562;562;562;562;239;400;163;411;531;186;233;475;643;456;841;343;400;587
;;;;;;;;;;;;;;;;;;;;;;;;;;;;;;;;;;;;;;;;;;;;;;;;;;;;;;;;;;;;;;;;;;;;;;;;;;;;;;;;;;;;;;;;;;;;;;;;;;;;;;;;;;;;;;;;;;;;;;;;;;;;;;;;;;;;;;;;;;;;;;;;;;;;;;;;;;;;;;;;;;;;;;;;;;;;;;;;;;;;;;;;;;;;;;;;;;;;;;;;;;;;;;;;;;;;;;;;;;;;;;;;;;;;;;;;;;;;;;;;;;;;;;;;;;;;;
;;;;;;;;;;;;;;;;;;;;;;;;;;;;;;;;;;;;;;;;;;;;;;;;;;;;;;;;;;;;;;;;;;;;;;;;;;;;;;;;;;;;;;;;;;;;;;;;;;;;;;;;;;;;;;;;;;;;;;;;;;;;;;;;;;;;;;;;;;;;;;;;;;;;;;;;;;;;;;;;;;;;;;;;;;;;;;;;;;;;;;;;;;;;;;;;;;;;;;;;;;;;;;;;;;;;;;;;;;;;;;;;;;;;;;;;;;;;;;;;;;;;;;;;;;;;;
;;;;;;;;;;;;;;;;;;;;;;;;;;;;;;;;;;;;;;;;;;;;;;;;;;;;;;;;;;;;;;;;;;;;;;;;;;;;;;;;;;;;;;;;;;;;;;;;;;;;;;;;;;;;;;;;;;;;;;;;;;;;;;;;;;;;;;;;;;;;;;;;;;;;;;;;;;;;;;;;;;;;;;;;;;;;;;;;;;;;;;;;;;;;;;;;;;;;;;;;;;;;;;;;;;;;;;;;;;;;;;;;;;;;;;;;;;;;;;;;;;;;;;;;;;;;;
;;;;;;;;;;;;;;;;;;;;;;;;;;;;;;;;;;;;;;;;;;;;;;;;;;;;;;;;;;;;;;;;;;;;;;;;;;;;;;;;;;;;;;;;;;;;;;;;;;;;;;;;;;;;;;;;;;;;;;;;;;;;;;;;;;;;;;;;;;;;;;;;;;;;;;;;;;;;;;;;;;;;;;;;;;;;;;;;;;;;;;;;;;;;;;;;;;;;;;;;;;;;;;;;;;;;;;;;;;;;;;;;;;;;;;;;;;;;;;;;;;;;;;;;;;;;;
;;;;;;;;;;;;;;;;;;;;;;;;;;;;;;;;;;;;;;;;;;;;;;;;;;;;;;;;;;;;;;;;;;;;;;;;;;;;;;;;;;;;;;;;;;;;;;;;;;;;;;;;;;;;;;;;;;;;;;;;;;;;;;;;;;;;;;;;;;;;;;;;;;;;;;;;;;;;;;;;;;;;;;;;;;;;;;;;;;;;;;;;;;;;;;;;;;;;;;;;;;;;;;;;;;;;;;;;;;;;;;;;;;;;;;;;;;;;;;;;;;;;;;;;;;;;;
;;;;;;;;;;;;;;;;;;;;;;;;;;;;;;;;;;;;;;;;;;;;;;;;;;;;;;;;;;;;;;;;;;;;;;;;;;;;;;;;;;;;;;;;;;;;;;;;;;;;;;;;;;;;;;;;;;;;;;;;;;;;;;;;;;;;;;;;;;;;;;;;;;;;;;;;;;;;;;;;;;;;;;;;;;;;;;;;;;;;;;;;;;;;;;;;;;;;;;;;;;;;;;;;;;;;;;;;;;;;;;;;;;;;;;;;;;;;;;;;;;;;;;;;;;;;;
;;;;;;;;;;;;;;;;;;;;;;;;;;;;;;;;;;;;;;;;;;;;;;;;;;;;;;;;;;;;;;;;;;;;;;;;;;;;;;;;;;;;;;;;;;;;;;;;;;;;;;;;;;;;;;;;;;;;;;;;;;;;;;;;;;;;;;;;;;;;;;;;;;;;;;;;;;;;;;;;;;;;;;;;;;;;;;;;;;;;;;;;;;;;;;;;;;;;;;;;;;;;;;;;;;;;;;;;;;;;;;;;;;;;;;;;;;;;;;;;;;;;;;;;;;;;;
;;;;;;;;;;;;;;;;;;;;;;;;;;;;;;;;;;;;;;;;;;;;;;;;;;;;;;;;;;;;;;;;;;;;;;;;;;;;;;;;;;;;;;;;;;;;;;;;;;;;;;;;;;;;;;;;;;;;;;;;;;;;;;;;;;;;;;;;;;;;;;;;;;;;;;;;;;;;;;;;;;;;;;;;;;;;;;;;;;;;;;;;;;;;;;;;;;;;;;;;;;;;;;;;;;;;;;;;;;;;;;;;;;;;;;;;;;;;;;;;;;;;;;;;;;;;;
;;;;;;;;;;;;;;;;;;;;;;;;;;;;;;;;;;;;;;;;;;;;;;;;;;;;;;;;;;;;;;;;;;;;;;;;;;;;;;;;;;;;;;;;;;;;;;;;;;;;;;;;;;;;;;;;;;;;;;;;;;;;;;;;;;;;;;;;;;;;;;;;;;;;;;;;;;;;;;;;;;;;;;;;;;;;;;;;;;;;;;;;;;;;;;;;;;;;;;;;;;;;;;;;;;;;;;;;;;;;;;;;;;;;;;;;;;;;;;;;;;;;;;;;;;;;;
;;;;;;;;;;;;;;;;;;;;;;;;;;;;;;;;;;;;;;;;;;;;;;;;;;;;;;;;;;;;;;;;;;;;;;;;;;;;;;;;;;;;;;;;;;;;;;;;;;;;;;;;;;;;;;;;;;;;;;;;;;;;;;;;;;;;;;;;;;;;;;;;;;;;;;;;;;;;;;;;;;;;;;;;;;;;;;;;;;;;;;;;;;;;;;;;;;;;;;;;;;;;;;;;;;;;;;;;;;;;;;;;;;;;;;;;;;;;;;;;;;;;;;;;;;;;;
;;;;;;;;;;;;;;;;;;;;;;;;;;;;;;;;;;;;;;;;;;;;;;;;;;;;;;;;;;;;;;;;;;;;;;;;;;;;;;;;;;;;;;;;;;;;;;;;;;;;;;;;;;;;;;;;;;;;;;;;;;;;;;;;;;;;;;;;;;;;;;;;;;;;;;;;;;;;;;;;;;;;;;;;;;;;;;;;;;;;;;;;;;;;;;;;;;;;;;;;;;;;;;;;;;;;;;;;;;;;;;;;;;;;;;;;;;;;;;;;;;;;;;;;;;;;;
;;;;;;;;;;;;;;;;;;;;;;;;;;;;;;;;;;;;;;;;;;;;;;;;;;;;;;;;;;;;;;;;;;;;;;;;;;;;;;;;;;;;;;;;;;;;;;;;;;;;;;;;;;;;;;;;;;;;;;;;;;;;;;;;;;;;;;;;;;;;;;;;;;;;;;;;;;;;;;;;;;;;;;;;;;;;;;;;;;;;;;;;;;;;;;;;;;;;;;;;;;;;;;;;;;;;;;;;;;;;;;;;;;;;;;;;;;;;;;;;;;;;;;;;;;;;;
;;;;;;;;;;;;;;;;;;;;;;;;;;;;;;;;;;;;;;;;;;;;;;;;;;;;;;;;;;;;;;;;;;;;;;;;;;;;;;;;;;;;;;;;;;;;;;;;;;;;;;;;;;;;;;;;;;;;;;;;;;;;;;;;;;;;;;;;;;;;;;;;;;;;;;;;;;;;;;;;;;;;;;;;;;;;;;;;;;;;;;;;;;;;;;;;;;;;;;;;;;;;;;;;;;;;;;;;;;;;;;;;;;;;;;;;;;;;;;;;;;;;;;;;;;;;;
;;;;;;;;;;;;;;;;;;;;;;;;;;;;;;;;;;;;;;;;;;;;;;;;;;;;;;;;;;;;;;;;;;;;;;;;;;;;;;;;;;;;;;;;;;;;;;;;;;;;;;;;;;;;;;;;;;;;;;;;;;;;;;;;;;;;;;;;;;;;;;;;;;;;;;;;;;;;;;;;;;;;;;;;;;;;;;;;;;;;;;;;;;;;;;;;;;;;;;;;;;;;;;;;;;;;;;;;;;;;;;;;;;;;;;;;;;;;;;;;;;;;;;;;;;;;;
;;;;;;;;;;;;;;;;;;;;;;;;;;;;;;;;;;;;;;;;;;;;;;;;;;;;;;;;;;;;;;;;;;;;;;;;;;;;;;;;;;;;;;;;;;;;;;;;;;;;;;;;;;;;;;;;;;;;;;;;;;;;;;;;;;;;;;;;;;;;;;;;;;;;;;;;;;;;;;;;;;;;;;;;;;;;;;;;;;;;;;;;;;;;;;;;;;;;;;;;;;;;;;;;;;;;;;;;;;;;;;;;;;;;;;;;;;;;;;;;;;;;;;;;;;;;;
;;;;;;;;;;;;;;;;;;;;;;;;;;;;;;;;;;;;;;;;;;;;;;;;;;;;;;;;;;;;;;;;;;;;;;;;;;;;;;;;;;;;;;;;;;;;;;;;;;;;;;;;;;;;;;;;;;;;;;;;;;;;;;;;;;;;;;;;;;;;;;;;;;;;;;;;;;;;;;;;;;;;;;;;;;;;;;;;;;;;;;;;;;;;;;;;;;;;;;;;;;;;;;;;;;;;;;;;;;;;;;;;;;;;;;;;;;;;;;;;;;;;;;;;;;;;;
;;;;;;;;;;;;;;;;;;;;;;;;;;;;;;;;;;;;;;;;;;;;;;;;;;;;;;;;;;;;;;;;;;;;;;;;;;;;;;;;;;;;;;;;;;;;;;;;;;;;;;;;;;;;;;;;;;;;;;;;;;;;;;;;;;;;;;;;;;;;;;;;;;;;;;;;;;;;;;;;;;;;;;;;;;;;;;;;;;;;;;;;;;;;;;;;;;;;;;;;;;;;;;;;;;;;;;;;;;;;;;;;;;;;;;;;;;;;;;;;;;;;;;;;;;;;;
;;;;;;;;;;;;;;;;;;;;;;;;;;;;;;;;;;;;;;;;;;;;;;;;;;;;;;;;;;;;;;;;;;;;;;;;;;;;;;;;;;;;;;;;;;;;;;;;;;;;;;;;;;;;;;;;;;;;;;;;;;;;;;;;;;;;;;;;;;;;;;;;;;;;;;;;;;;;;;;;;;;;;;;;;;;;;;;;;;;;;;;;;;;;;;;;;;;;;;;;;;;;;;;;;;;;;;;;;;;;;;;;;;;;;;;;;;;;;;;;;;;;;;;;;;;;;
;;;;;;;;;;;;;;;;;;;;;;;;;;;;;;;;;;;;;;;;;;;;;;;;;;;;;;;;;;;;;;;;;;;;;;;;;;;;;;;;;;;;;;;;;;;;;;;;;;;;;;;;;;;;;;;;;;;;;;;;;;;;;;;;;;;;;;;;;;;;;;;;;;;;;;;;;;;;;;;;;;;;;;;;;;;;;;;;;;;;;;;;;;;;;;;;;;;;;;;;;;;;;;;;;;;;;;;;;;;;;;;;;;;;;;;;;;;;;;;;;;;;;;;;;;;;;
